USE [master]
GO
/****** Object:  Database [MegaProject]    Script Date: 10/6/2018 7:24:32 PM ******/
CREATE DATABASE [MegaProject]
 CONTAINMENT = NONE
 ON  PRIMARY 
( NAME = N'MegaProject', FILENAME = N'C:\Program Files\Microsoft SQL Server\MSSQL11.MSSQLSERVER\MSSQL\DATA\MegaProject.mdf' , SIZE = 3072KB , MAXSIZE = UNLIMITED, FILEGROWTH = 1024KB )
 LOG ON 
( NAME = N'MegaProject_log', FILENAME = N'C:\Program Files\Microsoft SQL Server\MSSQL11.MSSQLSERVER\MSSQL\DATA\MegaProject_log.ldf' , SIZE = 1024KB , MAXSIZE = 2048GB , FILEGROWTH = 10%)
GO
ALTER DATABASE [MegaProject] SET COMPATIBILITY_LEVEL = 110
GO
IF (1 = FULLTEXTSERVICEPROPERTY('IsFullTextInstalled'))
begin
EXEC [MegaProject].[dbo].[sp_fulltext_database] @action = 'enable'
end
GO
ALTER DATABASE [MegaProject] SET ANSI_NULL_DEFAULT OFF 
GO
ALTER DATABASE [MegaProject] SET ANSI_NULLS OFF 
GO
ALTER DATABASE [MegaProject] SET ANSI_PADDING OFF 
GO
ALTER DATABASE [MegaProject] SET ANSI_WARNINGS OFF 
GO
ALTER DATABASE [MegaProject] SET ARITHABORT OFF 
GO
ALTER DATABASE [MegaProject] SET AUTO_CLOSE OFF 
GO
ALTER DATABASE [MegaProject] SET AUTO_CREATE_STATISTICS ON 
GO
ALTER DATABASE [MegaProject] SET AUTO_SHRINK OFF 
GO
ALTER DATABASE [MegaProject] SET AUTO_UPDATE_STATISTICS ON 
GO
ALTER DATABASE [MegaProject] SET CURSOR_CLOSE_ON_COMMIT OFF 
GO
ALTER DATABASE [MegaProject] SET CURSOR_DEFAULT  GLOBAL 
GO
ALTER DATABASE [MegaProject] SET CONCAT_NULL_YIELDS_NULL OFF 
GO
ALTER DATABASE [MegaProject] SET NUMERIC_ROUNDABORT OFF 
GO
ALTER DATABASE [MegaProject] SET QUOTED_IDENTIFIER OFF 
GO
ALTER DATABASE [MegaProject] SET RECURSIVE_TRIGGERS OFF 
GO
ALTER DATABASE [MegaProject] SET  DISABLE_BROKER 
GO
ALTER DATABASE [MegaProject] SET AUTO_UPDATE_STATISTICS_ASYNC OFF 
GO
ALTER DATABASE [MegaProject] SET DATE_CORRELATION_OPTIMIZATION OFF 
GO
ALTER DATABASE [MegaProject] SET TRUSTWORTHY OFF 
GO
ALTER DATABASE [MegaProject] SET ALLOW_SNAPSHOT_ISOLATION OFF 
GO
ALTER DATABASE [MegaProject] SET PARAMETERIZATION SIMPLE 
GO
ALTER DATABASE [MegaProject] SET READ_COMMITTED_SNAPSHOT OFF 
GO
ALTER DATABASE [MegaProject] SET HONOR_BROKER_PRIORITY OFF 
GO
ALTER DATABASE [MegaProject] SET RECOVERY SIMPLE 
GO
ALTER DATABASE [MegaProject] SET  MULTI_USER 
GO
ALTER DATABASE [MegaProject] SET PAGE_VERIFY CHECKSUM  
GO
ALTER DATABASE [MegaProject] SET DB_CHAINING OFF 
GO
ALTER DATABASE [MegaProject] SET FILESTREAM( NON_TRANSACTED_ACCESS = OFF ) 
GO
ALTER DATABASE [MegaProject] SET TARGET_RECOVERY_TIME = 0 SECONDS 
GO
USE [MegaProject]
GO
/****** Object:  Table [dbo].[__MigrationHistory]    Script Date: 10/6/2018 7:24:32 PM ******/
SET ANSI_NULLS ON
GO
SET QUOTED_IDENTIFIER ON
GO
SET ANSI_PADDING ON
GO
CREATE TABLE [dbo].[__MigrationHistory](
	[MigrationId] [nvarchar](150) NOT NULL,
	[ContextKey] [nvarchar](300) NOT NULL,
	[Model] [varbinary](max) NOT NULL,
	[ProductVersion] [nvarchar](32) NOT NULL,
 CONSTRAINT [PK_dbo.__MigrationHistory] PRIMARY KEY CLUSTERED 
(
	[MigrationId] ASC,
	[ContextKey] ASC
)WITH (PAD_INDEX = OFF, STATISTICS_NORECOMPUTE = OFF, IGNORE_DUP_KEY = OFF, ALLOW_ROW_LOCKS = ON, ALLOW_PAGE_LOCKS = ON) ON [PRIMARY]
) ON [PRIMARY] TEXTIMAGE_ON [PRIMARY]

GO
SET ANSI_PADDING OFF
GO
/****** Object:  Table [dbo].[AspNetRoles]    Script Date: 10/6/2018 7:24:32 PM ******/
SET ANSI_NULLS ON
GO
SET QUOTED_IDENTIFIER ON
GO
CREATE TABLE [dbo].[AspNetRoles](
	[Id] [nvarchar](128) NOT NULL,
	[Name] [nvarchar](256) NOT NULL,
 CONSTRAINT [PK_dbo.AspNetRoles] PRIMARY KEY CLUSTERED 
(
	[Id] ASC
)WITH (PAD_INDEX = OFF, STATISTICS_NORECOMPUTE = OFF, IGNORE_DUP_KEY = OFF, ALLOW_ROW_LOCKS = ON, ALLOW_PAGE_LOCKS = ON) ON [PRIMARY]
) ON [PRIMARY]

GO
/****** Object:  Table [dbo].[AspNetUserClaims]    Script Date: 10/6/2018 7:24:32 PM ******/
SET ANSI_NULLS ON
GO
SET QUOTED_IDENTIFIER ON
GO
CREATE TABLE [dbo].[AspNetUserClaims](
	[Id] [int] IDENTITY(1,1) NOT NULL,
	[UserId] [nvarchar](128) NOT NULL,
	[ClaimType] [nvarchar](max) NULL,
	[ClaimValue] [nvarchar](max) NULL,
 CONSTRAINT [PK_dbo.AspNetUserClaims] PRIMARY KEY CLUSTERED 
(
	[Id] ASC
)WITH (PAD_INDEX = OFF, STATISTICS_NORECOMPUTE = OFF, IGNORE_DUP_KEY = OFF, ALLOW_ROW_LOCKS = ON, ALLOW_PAGE_LOCKS = ON) ON [PRIMARY]
) ON [PRIMARY] TEXTIMAGE_ON [PRIMARY]

GO
/****** Object:  Table [dbo].[AspNetUserLogins]    Script Date: 10/6/2018 7:24:32 PM ******/
SET ANSI_NULLS ON
GO
SET QUOTED_IDENTIFIER ON
GO
CREATE TABLE [dbo].[AspNetUserLogins](
	[LoginProvider] [nvarchar](128) NOT NULL,
	[ProviderKey] [nvarchar](128) NOT NULL,
	[UserId] [nvarchar](128) NOT NULL,
 CONSTRAINT [PK_dbo.AspNetUserLogins] PRIMARY KEY CLUSTERED 
(
	[LoginProvider] ASC,
	[ProviderKey] ASC,
	[UserId] ASC
)WITH (PAD_INDEX = OFF, STATISTICS_NORECOMPUTE = OFF, IGNORE_DUP_KEY = OFF, ALLOW_ROW_LOCKS = ON, ALLOW_PAGE_LOCKS = ON) ON [PRIMARY]
) ON [PRIMARY]

GO
/****** Object:  Table [dbo].[AspNetUserRoles]    Script Date: 10/6/2018 7:24:32 PM ******/
SET ANSI_NULLS ON
GO
SET QUOTED_IDENTIFIER ON
GO
CREATE TABLE [dbo].[AspNetUserRoles](
	[UserId] [nvarchar](128) NOT NULL,
	[RoleId] [nvarchar](128) NOT NULL,
 CONSTRAINT [PK_dbo.AspNetUserRoles] PRIMARY KEY CLUSTERED 
(
	[UserId] ASC,
	[RoleId] ASC
)WITH (PAD_INDEX = OFF, STATISTICS_NORECOMPUTE = OFF, IGNORE_DUP_KEY = OFF, ALLOW_ROW_LOCKS = ON, ALLOW_PAGE_LOCKS = ON) ON [PRIMARY]
) ON [PRIMARY]

GO
/****** Object:  Table [dbo].[AspNetUsers]    Script Date: 10/6/2018 7:24:32 PM ******/
SET ANSI_NULLS ON
GO
SET QUOTED_IDENTIFIER ON
GO
CREATE TABLE [dbo].[AspNetUsers](
	[Id] [nvarchar](128) NOT NULL,
	[Email] [nvarchar](256) NULL,
	[UserType] [nvarchar](max) NULL,
	[EmailConfirmed] [bit] NOT NULL,
	[PasswordHash] [nvarchar](max) NULL,
	[SecurityStamp] [nvarchar](max) NULL,
	[PhoneNumber] [nvarchar](max) NULL,
	[PhoneNumberConfirmed] [bit] NOT NULL,
	[TwoFactorEnabled] [bit] NOT NULL,
	[LockoutEndDateUtc] [datetime] NULL,
	[LockoutEnabled] [bit] NOT NULL,
	[AccessFailedCount] [int] NOT NULL,
	[UserName] [nvarchar](256) NOT NULL,
	[Status] [bit] NOT NULL,
	[phone_No] [nvarchar](max) NULL,
	[Name] [nvarchar](max) NULL,
	[SavedPassword] [nvarchar](max) NULL,
 CONSTRAINT [PK_dbo.AspNetUsers] PRIMARY KEY CLUSTERED 
(
	[Id] ASC
)WITH (PAD_INDEX = OFF, STATISTICS_NORECOMPUTE = OFF, IGNORE_DUP_KEY = OFF, ALLOW_ROW_LOCKS = ON, ALLOW_PAGE_LOCKS = ON) ON [PRIMARY]
) ON [PRIMARY] TEXTIMAGE_ON [PRIMARY]

GO
/****** Object:  Table [dbo].[Borrows]    Script Date: 10/6/2018 7:24:32 PM ******/
SET ANSI_NULLS ON
GO
SET QUOTED_IDENTIFIER ON
GO
CREATE TABLE [dbo].[Borrows](
	[Borrow_id] [int] IDENTITY(1,1) NOT NULL,
	[Borrow_Description] [nvarchar](max) NULL,
	[Borrow_Amount] [int] NOT NULL,
	[Borrow_Status] [bit] NOT NULL,
 CONSTRAINT [PK_dbo.Borrows] PRIMARY KEY CLUSTERED 
(
	[Borrow_id] ASC
)WITH (PAD_INDEX = OFF, STATISTICS_NORECOMPUTE = OFF, IGNORE_DUP_KEY = OFF, ALLOW_ROW_LOCKS = ON, ALLOW_PAGE_LOCKS = ON) ON [PRIMARY]
) ON [PRIMARY] TEXTIMAGE_ON [PRIMARY]

GO
/****** Object:  Table [dbo].[Contacts]    Script Date: 10/6/2018 7:24:32 PM ******/
SET ANSI_NULLS ON
GO
SET QUOTED_IDENTIFIER ON
GO
CREATE TABLE [dbo].[Contacts](
	[ContactId] [int] IDENTITY(1,1) NOT NULL,
	[contact_Name] [nvarchar](max) NULL,
	[Contact_Email] [nvarchar](max) NULL,
	[Contact_Subject] [nvarchar](max) NULL,
	[Contact_Message] [nvarchar](max) NULL,
 CONSTRAINT [PK_dbo.Contacts] PRIMARY KEY CLUSTERED 
(
	[ContactId] ASC
)WITH (PAD_INDEX = OFF, STATISTICS_NORECOMPUTE = OFF, IGNORE_DUP_KEY = OFF, ALLOW_ROW_LOCKS = ON, ALLOW_PAGE_LOCKS = ON) ON [PRIMARY]
) ON [PRIMARY] TEXTIMAGE_ON [PRIMARY]

GO
/****** Object:  Table [dbo].[Count_model]    Script Date: 10/6/2018 7:24:32 PM ******/
SET ANSI_NULLS ON
GO
SET QUOTED_IDENTIFIER ON
GO
CREATE TABLE [dbo].[Count_model](
	[count_id] [int] IDENTITY(1,1) NOT NULL,
	[visiter_ip] [nvarchar](max) NULL,
	[StoreId] [int] NOT NULL,
	[count_date] [nvarchar](max) NULL,
	[count] [int] NOT NULL,
 CONSTRAINT [PK_dbo.Count_model] PRIMARY KEY CLUSTERED 
(
	[count_id] ASC
)WITH (PAD_INDEX = OFF, STATISTICS_NORECOMPUTE = OFF, IGNORE_DUP_KEY = OFF, ALLOW_ROW_LOCKS = ON, ALLOW_PAGE_LOCKS = ON) ON [PRIMARY]
) ON [PRIMARY] TEXTIMAGE_ON [PRIMARY]

GO
/****** Object:  Table [dbo].[Expense_Child]    Script Date: 10/6/2018 7:24:32 PM ******/
SET ANSI_NULLS ON
GO
SET QUOTED_IDENTIFIER ON
GO
CREATE TABLE [dbo].[Expense_Child](
	[Expense_Child_id] [int] IDENTITY(1,1) NOT NULL,
	[Expense_Parent_id] [int] NOT NULL,
	[Expense_Child_Amount] [int] NOT NULL,
	[Expense_Child_Description] [nvarchar](max) NULL,
 CONSTRAINT [PK_dbo.Expense_Child] PRIMARY KEY CLUSTERED 
(
	[Expense_Child_id] ASC
)WITH (PAD_INDEX = OFF, STATISTICS_NORECOMPUTE = OFF, IGNORE_DUP_KEY = OFF, ALLOW_ROW_LOCKS = ON, ALLOW_PAGE_LOCKS = ON) ON [PRIMARY]
) ON [PRIMARY] TEXTIMAGE_ON [PRIMARY]

GO
/****** Object:  Table [dbo].[Expense_Parent]    Script Date: 10/6/2018 7:24:32 PM ******/
SET ANSI_NULLS ON
GO
SET QUOTED_IDENTIFIER ON
GO
CREATE TABLE [dbo].[Expense_Parent](
	[Expense_Parent_id] [int] IDENTITY(1,1) NOT NULL,
	[Id] [nvarchar](128) NULL,
	[Expense_Total_Amount] [int] NOT NULL,
	[Expense_Status] [bit] NOT NULL,
	[Expense_Date] [datetime] NOT NULL,
 CONSTRAINT [PK_dbo.Expense_Parent] PRIMARY KEY CLUSTERED 
(
	[Expense_Parent_id] ASC
)WITH (PAD_INDEX = OFF, STATISTICS_NORECOMPUTE = OFF, IGNORE_DUP_KEY = OFF, ALLOW_ROW_LOCKS = ON, ALLOW_PAGE_LOCKS = ON) ON [PRIMARY]
) ON [PRIMARY]

GO
/****** Object:  Table [dbo].[Markets]    Script Date: 10/6/2018 7:24:32 PM ******/
SET ANSI_NULLS ON
GO
SET QUOTED_IDENTIFIER ON
GO
CREATE TABLE [dbo].[Markets](
	[Market_id] [int] IDENTITY(1,1) NOT NULL,
	[Market_Name] [nvarchar](max) NULL,
	[Market_Status] [bit] NOT NULL,
 CONSTRAINT [PK_dbo.Markets] PRIMARY KEY CLUSTERED 
(
	[Market_id] ASC
)WITH (PAD_INDEX = OFF, STATISTICS_NORECOMPUTE = OFF, IGNORE_DUP_KEY = OFF, ALLOW_ROW_LOCKS = ON, ALLOW_PAGE_LOCKS = ON) ON [PRIMARY]
) ON [PRIMARY] TEXTIMAGE_ON [PRIMARY]

GO
/****** Object:  Table [dbo].[Plazas]    Script Date: 10/6/2018 7:24:32 PM ******/
SET ANSI_NULLS ON
GO
SET QUOTED_IDENTIFIER ON
GO
CREATE TABLE [dbo].[Plazas](
	[Plaza_id] [int] IDENTITY(1,1) NOT NULL,
	[Market_id] [int] NOT NULL,
	[Plaza_Name] [nvarchar](max) NULL,
	[Plaza_Status] [bit] NOT NULL,
 CONSTRAINT [PK_dbo.Plazas] PRIMARY KEY CLUSTERED 
(
	[Plaza_id] ASC
)WITH (PAD_INDEX = OFF, STATISTICS_NORECOMPUTE = OFF, IGNORE_DUP_KEY = OFF, ALLOW_ROW_LOCKS = ON, ALLOW_PAGE_LOCKS = ON) ON [PRIMARY]
) ON [PRIMARY] TEXTIMAGE_ON [PRIMARY]

GO
/****** Object:  Table [dbo].[Share_History]    Script Date: 10/6/2018 7:24:32 PM ******/
SET ANSI_NULLS ON
GO
SET QUOTED_IDENTIFIER ON
GO
CREATE TABLE [dbo].[Share_History](
	[Share_History_id] [int] IDENTITY(1,1) NOT NULL,
	[Share_id] [int] NOT NULL,
	[Share_History_Amount] [int] NOT NULL,
	[Share_History_Date] [datetime] NOT NULL,
 CONSTRAINT [PK_dbo.Share_History] PRIMARY KEY CLUSTERED 
(
	[Share_History_id] ASC
)WITH (PAD_INDEX = OFF, STATISTICS_NORECOMPUTE = OFF, IGNORE_DUP_KEY = OFF, ALLOW_ROW_LOCKS = ON, ALLOW_PAGE_LOCKS = ON) ON [PRIMARY]
) ON [PRIMARY]

GO
/****** Object:  Table [dbo].[Share_Holder]    Script Date: 10/6/2018 7:24:32 PM ******/
SET ANSI_NULLS ON
GO
SET QUOTED_IDENTIFIER ON
GO
CREATE TABLE [dbo].[Share_Holder](
	[Share_Holder_id] [int] IDENTITY(1,1) NOT NULL,
	[Id] [nvarchar](128) NULL,
	[Share_History_id] [int] NOT NULL,
	[Share_Holder_Name] [nvarchar](max) NULL,
	[Share_Holder_UniqueId] [nvarchar](max) NULL,
	[Share_Holder_Password] [nvarchar](max) NULL,
	[Share_Holder_Date] [datetime] NOT NULL,
 CONSTRAINT [PK_dbo.Share_Holder] PRIMARY KEY CLUSTERED 
(
	[Share_Holder_id] ASC
)WITH (PAD_INDEX = OFF, STATISTICS_NORECOMPUTE = OFF, IGNORE_DUP_KEY = OFF, ALLOW_ROW_LOCKS = ON, ALLOW_PAGE_LOCKS = ON) ON [PRIMARY]
) ON [PRIMARY] TEXTIMAGE_ON [PRIMARY]

GO
/****** Object:  Table [dbo].[Shares]    Script Date: 10/6/2018 7:24:32 PM ******/
SET ANSI_NULLS ON
GO
SET QUOTED_IDENTIFIER ON
GO
CREATE TABLE [dbo].[Shares](
	[Share_id] [int] IDENTITY(1,1) NOT NULL,
	[Share_Percentage] [decimal](18, 2) NOT NULL,
	[Share_Amount] [int] NOT NULL,
	[Share_Code] [int] NOT NULL,
	[Share_Date] [datetime] NOT NULL,
 CONSTRAINT [PK_dbo.Shares] PRIMARY KEY CLUSTERED 
(
	[Share_id] ASC
)WITH (PAD_INDEX = OFF, STATISTICS_NORECOMPUTE = OFF, IGNORE_DUP_KEY = OFF, ALLOW_ROW_LOCKS = ON, ALLOW_PAGE_LOCKS = ON) ON [PRIMARY]
) ON [PRIMARY]

GO
/****** Object:  Table [dbo].[Store_request]    Script Date: 10/6/2018 7:24:32 PM ******/
SET ANSI_NULLS ON
GO
SET QUOTED_IDENTIFIER ON
GO
CREATE TABLE [dbo].[Store_request](
	[Store_request_id] [int] IDENTITY(1,1) NOT NULL,
	[Store_request_name] [nvarchar](max) NULL,
	[Store_request_owner_name] [nvarchar](max) NULL,
	[Store_request_type] [nvarchar](max) NULL,
	[Store_request_discription] [nvarchar](max) NULL,
	[Store_request_address] [nvarchar](max) NULL,
	[Store_request_phone_no] [nvarchar](max) NULL,
	[Store_request_date] [datetime] NOT NULL,
	[Store_request_status] [bit] NOT NULL,
 CONSTRAINT [PK_dbo.Store_request] PRIMARY KEY CLUSTERED 
(
	[Store_request_id] ASC
)WITH (PAD_INDEX = OFF, STATISTICS_NORECOMPUTE = OFF, IGNORE_DUP_KEY = OFF, ALLOW_ROW_LOCKS = ON, ALLOW_PAGE_LOCKS = ON) ON [PRIMARY]
) ON [PRIMARY] TEXTIMAGE_ON [PRIMARY]

GO
/****** Object:  Table [dbo].[Stores]    Script Date: 10/6/2018 7:24:32 PM ******/
SET ANSI_NULLS ON
GO
SET QUOTED_IDENTIFIER ON
GO
CREATE TABLE [dbo].[Stores](
	[StoreId] [int] IDENTITY(1,1) NOT NULL,
	[StoreTypes] [nvarchar](max) NULL,
	[Id] [nvarchar](128) NULL,
	[StoreName] [nvarchar](max) NULL,
	[StoreOwnerName] [nvarchar](max) NULL,
	[StoreNumber] [nvarchar](max) NULL,
	[StoreOwnerNumber] [nvarchar](max) NULL,
	[StoreLogo] [nvarchar](max) NULL,
	[StoreDate] [datetime] NOT NULL,
	[StoreAddress] [nvarchar](max) NULL,
	[Status] [bit] NOT NULL,
	[user_name] [nvarchar](max) NULL,
	[password] [nvarchar](max) NULL,
	[Discription] [nvarchar](max) NULL,
 CONSTRAINT [PK_dbo.Stores] PRIMARY KEY CLUSTERED 
(
	[StoreId] ASC
)WITH (PAD_INDEX = OFF, STATISTICS_NORECOMPUTE = OFF, IGNORE_DUP_KEY = OFF, ALLOW_ROW_LOCKS = ON, ALLOW_PAGE_LOCKS = ON) ON [PRIMARY]
) ON [PRIMARY] TEXTIMAGE_ON [PRIMARY]

GO
INSERT [dbo].[__MigrationHistory] ([MigrationId], [ContextKey], [Model], [ProductVersion]) VALUES (N'201809110735068_nwew', N'MegaProject.Migrations.Configuration', 0x1F8B0800000000000400DD5D596FE4B8117E0F90FF20E82909BCDD3E328389D1DE85B76D6F8C8C0F4C7B167933D812DD564647AF44796C04F96579C84FCA5F08A993A7444A6AB51CCC4B5B243F168B55C5E25135FFFDF77F163FBD06BEF502E3C48BC233FB6876685B307422D70B3767768A9E7EF864FFF4E3EF7FB7B8748357EBD7B2DE09A9875B86C999FD8CD0F6743E4F9C6718806416784E1C25D1139A395130076E343F3E3CFCCBFCE8680E31848DB12C6BF1250D9117C0EC0FFCE7320A1DB84529F06F2217FA49F11D97AC3254EB160430D902079ED9377003EEE3E81FD041B3BCB66D9DFB1EC094ACA0FF645B200C230410A6F3F46B0257288EC2CD6A8B3F00FFE16D0B71BD27E027B0A0FFB4AEAE3B94C363329479DDB08472D204458121E0D149C19B39DFBC1387ED8A77987B9798CBE88D8C3AE3E099BD8C30E31F03C236DBE2FB3B5DFA31A92BE3F18C6A796051E507955060D921FF0EAC65EAA3348667214C510C70F5FB74ED7BCEDFE0DB43F40D866761EAFB349998505CC67CC09F30FE16C6E8ED0B7C2A887732123CD7B6E66CEB39DFBC6A2CB4CCC7771DA29363DBBAC58480B50F2B89A078B142510C7F81218C0182EE3D4008C67842AF5D98F154A081EBF1C54B3CDCE2D1DB967D6241C43A655B37E0F5330C37E819B319BCDAD695F70ADDF24B41C7D7D0C32A881BA138856D5D65945EB78EAD1924E7908BC75AE25CE0DF0F5847BB411952730B5EBC4DC678D9E06CEB0BF4B3D2E4D9DBE67A4E0BE46351EB2A8E822F91CFCA795EF8B88AD2D821838B54351E40BC8188256D31AF55A851B10A0A8C542A6BB32F65AAA4C6549734C56D3855CA9A67967BE7AA540F4BD2C5D1F1A7A1B495FC1CC72EDC7DC76C1FAFBBDB3458C378CCA18DD8E1E768138DD3D3C5107638433A77DD1826BBD79C15D6F5B4EAE6E708DB5810F6B0FBE7DB2DB672590976E262E90A909B6DA166BD0A482B082B81BC56AFD540A0C9685DE05AEF6B85E8B2380C62400DE5FC32009EDFD0EDF1878F0308389909D2C5CE35291B0EDE103D7971005D638DE2D0EE41927C8F62F7AF2079DEBD11804E1A634DC0C620D8BDDF7BFF1C85632D38545F834DCDC3F7E80A38D8F85C86A4556FBCCF91F32D4AD165E89225E32B72C4154413601072CE1D072F3C575898A1BBECB02590E85F8B1FA3ABE89D17A5A50FBC2091AE45FCF25156AD1723790D61355254932D474DA4625FC50BF5482DABAA49CD6BB4925A5433259580E9515AD454139A5568A533AFD56B812FF72E042F9BA1C625BE3AAF394FB6B710CDCAD6B31CF72AC698D8487F9B09B078EDD76D5C7B06C7BA9EC1C9D1FAE9E4D3878FC03DF9F86778F2617C2F61F7BB47C2CA7D7825D9F48DE230643DFD0AFC74E8AE3A6943660486D7860C76FADA9091893FBF782EF14AE6ED2DCACA185EAB7E29CFA63AC75136B63A30C31CBBF3716C402775216BD1F0DA4250A7AF2C725196562503EA22F5FBB2FE25BD1393B8E1A5ED7D48DA7B39CAD8F70687A88BDC15A7E7FBB1A856FBE162A9E0844BAA9878E0E74912395E4695FC8CADDC71B123C59B614B6FFB95F35CB2EBC0338025D423DF305D78EA6D5EDEEEC20BE84304AD7327BFF55D82C401AEC8773C36D790BE9247147D92BD074BE19F848EB126C098B402E46429C17AE68548541B2F74BC2DF0B538C6B5D6543BC284AA1FBEE4026E614806A7C5121D02942BCCBCEA8B9BA1364E2DE694249A0968B1CFD615007ED33D3501E576FB0A012DB603A30828CBB13D0828CB927727A0F9F18AEEFC73672D53134FF69047219DB93F348A7032ECDA836C32FC98BC68CAAFF65473DF72CF57CF7DF14AA36DC2DB902552D522F487B3D9D13072D548D10872D5C8EBEEFD8F2053E28321D5AC37BC1EAA679C794AA72F51EA77476D723AA8E1EC247B4ADA75E65DF1E0C848F89413D3938011A44FB281528948D36E4A5CC7646BD88ED6D8863DDCF80BAC9A4B2358413527743A979F66ED4410F3DD346E83700B188B9EDFC59A14C257243917C2032B8E8692E26881970C02BE8288B6B0496913EB8DBCCC620A069285CA9435918014A6B1A579714221B41696E9161C61AF2D03956CC80D60CBEBD746D8621B65005BDC9536A2E6DAD902DA062405A1A4B14652DD9153959B6FD37975D13EDDA9C6544986A07ADA273114964C3A7873CA72A203974AF968E792EC80C1E488A11797B8E3000597CAC10CCEA5424ADB9924D9E41A6C737BB188DD922A38540CA43783148F234506696CB50C365BD4A84A13DEC0A1E6ED551BB33B704512342072A465A3A0B955A0A867D7C5067EA83707AD7CEDC00CD999BEC88D36C755D775A5462095715D4F7320BD292F1A2AD7A82A5BCCF3A0B3E2C362AE884E5BDC80EDD60B3754B45AF1C55AE5A16ACB1F56E6315C418E3177183EF38E5CD5131606B0815C299124175E7971822E00026B402E81966E2054933A820A7FA0EC52E2EB8913593A0B6523F23B6FD81C5B26F19F0B882B3CCE8078E099FCF3DAA56A6D911042E083581911B68CFC34089B23CC9A90E8482F1A8BFEAE8F566D526928E5CEB56D7C793C9738C2FCBB219A044886B1987313266C7204E91076A0ACC469C96361157B4AA2D4DC6BC8A0A2DDAE67990E8D12A08AEFFA683C411D68C92FB00552F2CF865854E8920048959952583C1817692C0A3A51A902654A0D91F370230132FF6C8875211802EAB32156155224C05525268879DC108B957F9B8C6D51793D46A6A5C5C3D63032AD08BB51EC22BE8606283EE963D4D133344CFDD5901A2A0643208B2AD34765C364684CB6C440B0D9581846BED922032AE988178648BAA0139E82A3F21AFA3D88312E34BA58AA8F2C8976A1A125C51DB02534F365FAA89280181A58526CA65FE252597F9D8C29951C99F5B4ABE2E9ABB965D5C0D88D6D2D2FD9F9593343A1620D6820EAB32156114D208015DF27294DCAD3CFCED2941FBAF793260586DAF230AFF459C3D3185AA0C6649EDE33C6BD29F4408D6726B313900CD5916F67C1C8AE3CFAC9851C62B766A2BC76A4515457917B9BB84127ABE744994D52BF95405CBDF7B2720BC7A27C95AAF7EA78943B065D144792ED99BC8433CABC8A6D958609BBCA6F0982C18C5498AD7EF397BE0789635456B801A1F7041394470AD8C78747C75C32B0E924E69A2789EB4B8E7415D9B9D8291B393F964798DC1A786918DC20A6C40A5F40EC3C83F80F0178FD238DD721ED5546B2F082E13A74E1EB99FDCFACCDA975FDF7C7A2D981751763013AB50EAD7F0D902C8BFC46BD936565631826E247F6C06DD4BC503B11213115542F11AAA92D61B44488971E3E2EA8831CE7B67E28AD10923EF58764F36C0C45E2C0A07482A6FE681743E8B72C09534FD2E8444B6B6F308BD1FCD87A8430BB5A07D50A659E10488A9A05D299F19DCFFFD36B12E5397EDA27534492E5F7E9275FB21C3EBD1025797A86C21B8485AA3C3C5DB094397864064467B0F29C3C5D4853E6E369F73AE4DA205B60DAD7CFB265F6F9C0BA4EBE86DE6F292E78C0DCE056534E4D878AB9979CF08D61DF76E211B101EE466E4CDE54D795E996F4A497A28B894D0CE07A242FE92019EF2CEFC7604BAD24ADC760D8FB14EDEEB93C3A08CFE87930F66D26D8EC1846D4E44DC79CD9AEB33A1167B8DB2A4D06BDFB557AE8A40E13084396C482EC3F75C39811514DD7B0130B32EE97A06162C2564408ED3F0DC3D8C2A6BAA59DB8B019255B9898ACE5215F7BCFA930B6A4296E1327266866A9137A089A34A70117DBD325FBC27B110DD55BF17799F24073B676645C98C8E0AE3916BAA7D3D847FE82FFDF940553C952B0CF95AAE501CA3496A9BDA7211083D4F8396543D11973506F2965C6227F4A7266BB6B722398EF4C8DF30FA8D30FC8E01571993CB2B0AA0A7D083564BDE58936E571B17C97926DA7D0A9A44E73B78A80F7A6BE8B5D4863DF459DE6BE1561E44D7DE7CADED8755EA5B9677998A9AAE3964EDB3A9477B6E7DC0A4C046E4B3E8DB6A391C627D8FD039CC74BA530085318F550BC241E9E29BBCA9C30084B680592BFA1EDCF909D654A188A21CC5A44859BF61FFAE0E9103449553BFF54CBA6E57A72C90EA4422A13D05144DD20B981F85A17BB79D4FFCE8B5DCDC4DBD410E4FFEA0DA1C33878559DEBF0292AFD4C8EA2B20A773D71031170B1F7771E23EF0938081793670A59E6EBECEA973C965943F73ABC4BD1364578C83058FBCC9D29F1579BFACF3238B0342FEEB6E4AF64882160323DF2BCE32EFC39F57CB7A2FB4A7211A280208E70F12880CC25228F03366F15D26D146A0215ECABFCF707186C7D0C96DC852BF002BBD086C5EF33DC00E7ADBE445681B44F04CBF6C585073631089202A36E8FFFC432EC06AF3FFE0FC6413C4FA47A0000, N'6.1.3-40302')
INSERT [dbo].[__MigrationHistory] ([MigrationId], [ContextKey], [Model], [ProductVersion]) VALUES (N'201809130808118_nwwq', N'MegaProject.Migrations.Configuration', 0x1F8B0800000000000400DD5DDB6EE4B8117D0F907F10F49404DE6E5F328389D1DE85B76D6F8C8C2F98F62CF266B025BAAD8C2EBD12E5B111E4CBF2904FCA2F8494288914498994D46A399817B7481E168B55C5E2A56AFEFBEFFF2C7E7A0D7CEB05C689178567F6D1ECD0B660E844AE176ECEEC143DFDF0C9FEE9C7DFFF6E71E906AFD6AF45BD13520FB70C9333FB19A1EDE97C9E38CF3000C92CF09C384AA2273473A2600EDC687E7C78F897F9D1D11C62081B6359D6E24B1A222F80D90FFC7319850EDCA214F837910BFD847EC725AB0CD5BA05014CB6C08167F60DDC80FB38FA0774D02CAF6D5BE7BE0730252BE83FD91608C3080184E93CFD9AC0158AA370B3DAE20FC07F78DB425CEF09F809A4F49F56D5758772784C8632AF1A16504E9AA02830043C3AA1BC99D79B77E2B05DF20E73EF127319BD9151671C3CB3971166FC6340D8665BF5FE4E977E4CEACA783C635A1E584CF94129145876C8BF036B99FA288DE159085314035CFD3E5DFB9EF337F8F6107D83E15998FA3E4B26261497711FF0278CBF85317AFB029F28F14E4682E7DAD69C6F3DAF372F1B0B2DF3F15D87E8E4D8B66E312160EDC35222185EAC5014C35F60086380A07B0F1082319ED06B17663C1568A8F5F8E2251E6EF1E86D8B3EB120629DB2AD1BF0FA19861BF48CD90C5E6DEBCA7B856EF185D2F135F4B00AE246284E615B5719A5D7AD636B06C939E4E2B1EE9CDEAC2B436A6FC18BB7C926463678DBFA02FDAC3479F6B6B91D6005F691D6BA8AA3E04BE4F37A90173EAEA23476C8E023558D07106F20E2495BCC2B156B543C4A8191CA656DF6A56CA55499EA9AA6380EA76A59F3CCB2EF5C74AB6149BA383AFE349436933FC7B11B77DF31DBC7EBEE360DD6301E73682376F839DA44E3F474C1D869F2F7834726D0D0E46748E7AE1BC364F79AB3C2BA9E96DDFC1C611B0BC21E76FF7CBBC5562E2BC14E5E2C5D0172B32DD4AC56016905612590D7EAB51A083419AD0BB5D6FB5A21BA2C0E8318504339BF0C80E737747BFCE1E300024E668274B1734DCA8683374C4F5E1C40D758A36A68F72049BE47B1FB57903CEFDE0840278DB126606310ECDE2FBE7F8EC2B1161CA6AFC1A6E6E17B74051C6C7C2E43D2AA37DEE7C8F916A5E83274C992F11539E20AA209300839E78E83179E2B2CCCD05D76D81248F4AFC58FD155F4CE8BD2D2075E9048D7A2FAF25154AD1623790D61355254932D474DA4625FC50BF5482DAAAA49CD6BB4924AAB99924AC0F428A535D58466155AE9CC6BF55AE08BBD0BC1CB66A871892FCF73CE93ED2D44B3A2F52CC7BD8A312636D2DF66022C5EFB751B579EC1B1AE677072B47E3AF9F4E123704F3EFE199E7C18DF4BD8FDEE91B0721F5E49367DA3380C594FBF023F1DBAAB4EDA901981E1B521839DBE366464E2CF2F9E4BBC92797B8BA23286D7AA5FC8B3A9CED5281B5B1DB8618EDDF93836A093BA90B568786D21A8D35716B9284BAB92017591FA7D59FF82DE8949DCF0D2F63E24EDBD1C65EC7B8343D445EE8AB3F3FD48AB557EB8582A38E1922A261EF87992448E9751253F632B765CFC48F166D8D2DB7EE53C97EC3AF00C6009F5C8374C179E7ABB2E6F77E105F42182D6B993DF0A2F41E20057E43B1E9B6B485FC123863EC9DE83A7F04F42C75813604C5A0172B294603DF34224AA8D173ADE16F85A1CABB5D6543BC284B29F7AC905DCC2900C4E8B253A0428579879D9576D86DA38B59833926826A0749FAD2B00F54DF7D404B4B6DB570828DD0E8C22A03CC7F620A03C4BDE9D80E6C72BBAF35F3B6B999A78F2873C0AE9CCFDA151849363D71E6493E3C7E445537EB5A79AFB967BBE6AEEE92B8DB6096F439648558BD01FCE6647C3C855234523C85523AFBBF73F824C890F8654B3DEF07AA89A71EEA99DBE44A9DF1DB5C9E9A086B393EC2969D79977C5832323E1534E4C4F0246903EC9064A25224DBB29711D93AD613B5A631BF670E32FB06A2E8D6005D59CD0E95C7E9AB51341CC77D3B80DC22D602C7A7E176B52085F91E45C080F8C1E0D25F468A12E19047C05116B6193C226561B7999C5140C240F95296B2201A1A6B1A5393DA1105A0BCB740B8EB0D796814A36E406B0C5F56B232CDD4619C0D2BBD246D45C3B5B40DB80A4208C345648AA3B72A672F36D7A5D5DB44F77CA31959221A89EF6490C8325938EBA39E539D1814B857CB4734976C06072C4D08B4BB5E30005978AC10CCE252AA5ED4C926C720DB6B9BD58C46F49151CA203E9CD20C5E34891411A5B2D83CD1633AAC2843770A8797BD5C6EC0E5C91040D881C69D928686E1518EAF975B1811FEACD412B5F3B304376A62F72A3CD71D5755D991148655CD7D31C486F8A8B86D2352ACB16F33C288D7E58CC15D16B8B1BB0DD7AE1868966A35FAC551ECAB6FC61651EE315E4187387E373DD912B7BC2C20036B0564A24C985575E9CA00B80C01A904BA0A51B08D5A48EA0C21F28BA94F87AE24416CE42D188FC9D376C8E3D93F8CF14E20A8F33201E7826FF75ED52B5B6488821F041AC8C185B467E1A84CD11684D486C24188BC57ED7472B37A92C9472E7DA36BE3CDE4B1C61FEDD104D0224C358CC6B13266C7204E91076A0BCC469C923B58A3D25516AEE356450D16ED7B3CC86460950F4BB3E5A9DA00EB4E417D80229F967432C2674490064CA4C29A40FC6451A6941272A55A05CA921721E6E2440E69F0DB12E0443C07C36C42A438A04B8B2C404318F1BE2B1F26F93B12D2AAFC7C8B4B478D81A46A61561378A4DE36B5800FA491FA38A9E6161AAAF86D430311802594C993E2A1F26C362F2250682CDC7C270F2CD171950C946BC7044B2059DF0141C95D7D0EF418C7161D1C5527D6449B40B0B2D29EE802DA1B95EA68F2A0988618125C566FA252E95D5D7C99852C991594FBB2A9EBE9A5B560D8CDDD8D6E292BD3E6B66284CAC010BC47C36C4A2D1040218FD3E4969529E7E7696A6FCD0BD9F342930D496877BA5CF1B9EC6D0023526F7F49E33EE4DA1076A3C33999D8064A88E7C3B0B4676E5D14F2EE410BB3513C5B5238BA2BA8ADCDBC40D3A593D27CA6C92FAAD04E2EABD97955B3816AD57297B2F8F476BC7A00B7A24D99EE94B38A3CCABD8566198B0ABFC962018CC4885D9EA377FE97B90384645851B107A4F304179A4807D7C78745C4B16369DC45DF324717DC991AE227B173F6523E7CFF208935B032F0D831BC49459E10B889D6710FF2100AF7F64F13AA4C5CA48165E305C872E7C3DB3FF99B539B5AEFFFE489B1D58773116A053EBD0FAD700C9B47A8D844B98958D6398A81FD923B7517343ED448CC47450BD985F515BC06889515D82EAB1411D6439B7F743698690F8A93F249F6B6328120706659334F547631331117D47432562EA491A9B6C69ED0D66319A1F5C8F106A57E9A05AA1CC93024951B3603A33BED77300F59A44799E9FF6C9149164397EFAC9972C8F4F2F4449AE9EA1F00661A12A174F172C651E1E9901D119AC3C2F4F17D2943979DABD0EB936C81698F6F5B368997D3EB0AE93AFA1F75B8A0B1E30376AAB694D4D878ABB979CF28D61DF76E211F141EE466E4CDE54D795E996F8A497A28BC94D0CE07A2430E92019EF2CF7C7604BAD24B5C760D8FB14EDEEF93C3A08CFE8B930F66D26F80C1946D4E44DC79CD9AEB33A1167B8DB2A4D06BDFB557AE8C40E13084596C483EC3F7DC39851514D57B1130B34EE97A46162C246A384F69F8A616C6153DDD44E5CD88C122E4C4CD6F2B0AFBDE755185BD214378A131334B3F4093D044D9AD7A016DFD32503C37B110DD57BF17799F64073B676645CB8E8E0AE7916BAA7D4D8470E83FFDFB40553C954B0CF95AAE511CA3496A9BDA7221003D5EA73CA87A373E6A0DA52CA8C45FE9CE4CC76D7E44630DF991AE72050A72090C12B6233EBC8C2AA2AF421D490F59627DB94C7C6D6BB946C3B854E25759ABB5504BD37F54D77218D7DD33ACD7D2B42C99BFACE95BDB1EBBC4A73CFF2505355C72D9DB67528EF6CCFF915B828DC969C1A6D47238DCFB0FB07398F974E6110A670EAA1784D3C3C5376953D611096B00A247F47DB9F213BCB96301443B8B5880939ED3FF4C153226892AA76FE99964DCBF5E4121E48855426A0A388BA418203F1C52E76F398FFC117BB9A89B7A920C8FFE71B428773F0CA3AD7E15354F899358A8A2AB5EB891B88808BBDBFF318794FC041B8983C53C8B25F6757BFE4B1CC1ABAD7E15D8AB629C24386C1DAE7EE4C89BFDAD47F96C581A77971B725BF92218680C9F4C8F38EBBF0E7D4F3DD92EE2BC94588028238C2F45100994B441E076CDE4AA4DB28D404A2EC2BFDF707186C7D0C96DC852BF002BBD086C5EF33DC00E7ADBA445681B44F04CFF6C58507363108128A51B5C73FB10CBBC1EB8FFF030C2E8600C87A0000, N'6.1.3-40302')
INSERT [dbo].[__MigrationHistory] ([MigrationId], [ContextKey], [Model], [ProductVersion]) VALUES (N'201809131207579_newqqqq123', N'MegaProject.Migrations.Configuration', 0x1F8B0800000000000400DD5DD96EE4B8157D0F907F10F494049E2A2FE946C728CFC053B62746DA0BBADC83BC192C892E2BADA546A2DC36827C591EF249F985905AB94AA4A452C941BFB8B81C5E5EDE858BEEEDFFFEFB3F8B9F5E03DF7A8171E245E1997D343BB42D183A91EB859B333B454F3F7CB27FFAF1F7BF5B5CBAC1ABF56BD9EE84B4C33DC3E4CC7E46687B3A9F27CE330C40320B3C278E92E809CD9C289803379A1F1F1EFE657E74348718C2C65896B5F89286C80B60F603FF5C46A103B72805FE4DE4423F29CA71CD2A43B56E4100932D70E0997D0337E03E8EFE011D34CB5BDBD6B9EF014CC90AFA4FB605C2304200613A4FBF267085E228DCACB6B800F80F6F5B88DB3D013F8105FDA77573DDA91C1E93A9CCEB8E25949326280A0C018F4E0ADECCF9EE9D386C57BCC3DCBBC45C466F64D61907CFEC658419FF1810B6D9163FDEE9D28F495B198F6754CF038BAA3FA88402CB0EF977602D531FA5313C0B618A62809BDFA76BDF73FE06DF1EA26F303C0B53DFA7C9C484E23AA6001761FC2D8CD1DB17F85410EF642478AE6DCDD9DE73BE7BD559E899CFEF3A4427C7B6758B09016B1F561241F16285A218FE0243180304DD7B80108CF1825EBB30E3A9400337E28B9778B8C7A3B72DC7C4828875CAB66EC0EB67186ED033663378B5AD2BEF15BA654941C7D7D0C32A883BA138856D4365945EB7CEAD1924E7908BE7BA737AB3A10CA9BD052FDE265B18D9E46DEB0BF4B3DAE4D9DBE6768016D8C7A2D5551C055F229FD583BCF27115A5B143261FA95A3C807803114BDA625EAB58A3E2151418A95CD6675FCA564995A9AE698AE370AA9675CF2CFBCE45B79E966488A3E34F436933F9731CBB71F71DB37DBCE16ED3600DE331A736E2809FA34D34CE4817949D267F3F7864010D4D7E8674EEBA314C76AF3969829D6138869C6D41927C8FE2264D1D6A25004A2BCEFD1C61B701C21EAEEC7CBBC5863BABC1FBD658EAD4724F24B4AC1D9BB481E0DCE4AD7A393881262357C7F5DE97D3EBE2EF06F10986AA7B1900CF6F18F6F8C3C701049CAC041962E79A944D079F019FBC3880AEB1467168F78501F82B489E776F04A093C65813B0310876BFD5BF7F8EC2B17C2835D6604BF3F03DBA020E363E9721E9D51BEF73E47C8B527419BAC40B7E458EE81435010621E7DC71B02FBDC2C20CDD6587538E44FF5AB666BA8ADED9292D7DE00589D417F1EEA36C5A3B23790BC11B299AC9DC5113A978FBE5857AA4964DD5A4E62D5A492D9A99924AC0F4282D5AAA09CD1AB4D299B7EAE5E0CBE318C1CB56A8D1C5575754E7C9F616A259D97B96E35EC518131BE96F330116FB7EDDCEF5CEE05877677072B47E3AF9F4E123704F3EFE199E7C187F97B0FB033161E53E7625D9F28DB261C846FA15F8E9D04375D286CC080CAF0D19ECF4B521231317BF782ED995CCDB7B948D31BC56FB529E4D758EA36C6C7560A639F6E0E3D8804EEA427CD1F0DA4250A7AF2C725196362513EA22F5FBB2FE25BD1393B8E1A5ED7D48DA7BB9CAD8F70187A88B7C2B4EAFF763D1ACDE878BB5C2265CD2C464077E9E2491E36554C9EFD8CA13173B537C18B6F48E5F39CF25A70EBC0258423D5286E9C24B6FF3F276175E401F22689D3BF943F712240E7045BEE3B9B986F4953CA2E8939C3D580AFF240C8C3501C6A41720374B09D6332F44A2DA78A1E36D81AFC531AEB7A6DA112654E3F03517700B4332392D96E810A0F430F36A2C6E85DA38B59853926826A0C5395B5700F843F7D404943BED2B04B4380E8C22A02CC7F620A02C4BDE9D80E6D72BBAEBCFDDB54C4D3CD94B1E8574E6FBA151849361D71E6493E1C7E44553FEB4A75AFB9677BE7AED8B0F4FDA16BC0D5922552D427F389B1D0D23578D148D20578DBCEE3EFE0832257E03A55AF5860FA2EA1567BE1ED49728F5A7546D723AA8E1EC247B4ADA75D65DF10D9591F02917A6270123489FE400A51291A6D394E8C7643E6C473EB6E10C37BE83557369042BA8E684CEE0F2DBAC9D08627E9AC67D10EE016371E777B12695F01549EE85F0C48AABA1A4B85AE0258380AF20A22D6C52DAC4FA202FB398828164A132654D242085696CE95EDC5008BD0537DD82239CB565A09203B9016CF9FCDA085B1CA30C608BB7D246D45C3B5B40DB80A4209434D648AA3772AA71F36B3AAF2EDAB73BD59C2AC910544FFB2686C29249076F4E594E74E052291FED5C925D30985C31F4E212771DA0E0523999C1B95448693B9324875C83636E2F16B1475205878A89F46690E2E34891411A472D83C31635ABD2843770A8F978D5C6EC0E5C91C441881C693928681E1528EA59BFD8C00FF5E1A095AF1D9821BBD317B9D1B671D5DDBA523390CAB8EE4E7320BD291F1AAAAD5155B798E7717645C162AE08C85BDC80EDD60B3754805E5162ADF2E8BCE50F2BF3B0B520C7983B0C9FF98D5C35121606B0815C2D9124175E7971822E00026B401E81966E2034936E0415FB817248C95E4F5CC872B35076227FE71D9BC3E924FBE702E20ACF33203BF04CFE79ED52F5B648D424F041AC0C825B467E1A84CD41754D4874701B8D4597EBA35587541A4A79726D9B5F1EC226CE302F37449300C93016736EC184438E201DC2099495382D792CAC624F49949A7B0D1954F4DBF52AD3D15E025451AE8FC613D48196FC015B20252F36C4A2A2B10440AACE94C2E2837191C6A2A213952A50A6D610398FA01220F36243AC0BC11050C586585594940057D5E82352A150341C55AC8F55073BD15075A9C93CF36826768679D9642C9E6A2F6664F05AF6FD1AA6AF156137E6A688FAA1018A227D8C3AA68786A94B0DA9A1224304B2A83A7D54367887C6646B0C049B8DD061E49BAD32A0928EC36188A42B3AE129382A6FA13F82187943A38BB5FAC892181C1A5A52DD015B42335FA78F2A09D3A18125D566FA253AF0BA7432A6547291D7D3AE8A77C2E69655036337B6B57CFAE757CD0C858A80A081A86243AC22C641002BCA27294DCA3BD9CED2943F05F493260586DAF230B103ACE1690C7850633201018C716F0A8850E399C9EC0424437511DD5930B287987E722187D8AD99281F436914D503E9DE166ED0C5EAB950668BD4CF1388DE7B2F9E5BB8ACE59B54A35797B6DCE5ECA2B8286D4FA926DC9CE64D6CAB344C78ABFC962018CC4883D9EA377FE97B906C8CCA063720F49E6082F2F805FBF8F0E898CBCA369D0C69F324717DC945B3224D1ABB6423272AF308935BC3410D432EC4DC64E10B889D6710FF2100AF7FA4F13AE41FCB4816BEABB80E5DF87A66FF33EB736A5DFFFDB1E87660DDC558804EAD43EB5F03642DEB3513263359368F616291649FDE8D9A846B276224E6DDEAC5FC9ADA12464B8C7809E223963AC8726EEF87D20C21C3567F483603C850240E0C4A67C3EA8F4667BC22FA8E86CA78D58B34EACE7600343E73554FAED1D9A9D6DE60C6ACF90BF51162136BF3A0D675F32C4A52D42CFAD08CEF7CD2A45E8B284F8CD4BE9822922C29523FF992253EEA8528496E3414DE202C54252FEA82A54C5C24B36D3A93952732EA429A328951FB8648AE0D32DFD7EEDACB9E59F181759D7C0DBDDF525CF180B9C1397A4E4D874A5420B9801CC3BEED64B3C6660530DA61E55D757759DD32C5F45274311B8C015C8F8C2F1D24E39D254B19CCD54A72A10C86BD4FD1EE9E00A583F08C9E3C64DF66824D2962444DDE75CC95EDBAAA13D90C77F3D264D2BBF7D24367C29840ECB6248066FFF92EC60C236B7A259E586476BFAC161313B622AC6AFFB92BC61636D523F2C485CD2843C5C4642D8F93DB7B228AB1254DF1D839314133CB37D143D0A48920B880A82E292BDE8B68A83EB07F97792234576B47C68509A7EE9A98A27B0E927D247DF8FFCDF33095D40EFBF4542DDFC74CC34DED3D778318D9C7AF291BBFCF9883FA48293316F9972E67B6BB268F95F9C9D43869833A67830C5E11CCCA230B5E55184368211B2DCF4E2A0F26E687941C3B8541256D9A87556409681ABB3885348E5DB4691E5B117BDF3476AEEC8D43E74D9A4796C7E6AA066E19B46D40F9607B4E48C1842DB7242169BB1A69FC425C3F005A9729BBCB3F31085318F5507CE83C3C5376956E621096D00A24FFC4B73F4376965E62288630BE888AD1ED3FF5C173486892AADEFC533D9BDCF5E4324448855426A0A388BA414608F16362BCCDA3FE1767BCD54CBC4D0D41FE4FE7103ACC06AF6A731D3E45E53E93A3A86CC23D4FDC40045CBCFB3B8F91F7041C84ABC9670A59BAF0ECE9977C2CB386EE757897A26D8AF09461B0F6993753B25F6D1A3F4B7BC1D2BCB8DB925FC91053C0647AE4F38EBBF0E7D4F3DD8AEE2BC9438802826C848B8F02C85A22F271C0E6AD42BA8D424DA0827DD5FEFD01065B1F832577E10ABCC02EB461F1FB0C37C079AB1F915520ED0BC1B27D71E1814D0C82A4C0A8FBE39F5886DDE0F5C7FF01CB700745CC7C0000, N'6.1.3-40302')
INSERT [dbo].[__MigrationHistory] ([MigrationId], [ContextKey], [Model], [ProductVersion]) VALUES (N'201809161412515_register', N'MegaProject.Migrations.Configuration', 0x1F8B0800000000000400DD5D596FE4B8117E0F90FF20E82909BCDD3E328389D1DE85B73DDE18191F98F62CF266D012DD564647AF44796C04F96579C84FCA5F08A993A744EA6A4D302F6E1E1F8BC5AA629154D5FCF7DFFF59FDF41AF8D60B8C132F0ACFECA3C5A16DC1D0895C2FDC9ED9297AFAE183FDD38FBFFFDDEAA31BBC5ABF96ED4E483BDC334CCEEC678476A7CB65E23CC300248BC073E228899ED0C289822570A3E5F1E1E15F9647474B88216C8C6559ABCF6988BC00663FF0CF75143A708752E05F472EF493A21CD76C3254EB060430D901079ED9D7700BEEE2E81FD0418BBCB56D9DFB1EC0946CA0FF645B200C230410A6F3F44B0237288EC2ED66870B807FFFB683B8DD13F01358D07F5A37D79DCAE13199CAB2EE5842396982A2C010F0E8A4E0CD92EFDE89C376C53BCCBD8F98CBE88DCC3AE3E099BD8E30E31F02C236DBE2C73B5DFB31692BE3F182EA796051F507955060D921FF0EAC75EAA3348667214C510C70F3BBF4D1F79CBFC1B7FBE82B0CCFC2D4F7693231A1B88E29C045187F0763F4F6193E15C43B19099E6B5B4BB6F792EF5E75167AE6F3BB0AD1C9B16DDD6042C0A30F2B89A078B141510C7F81218C0182EE1D4008C67841AF5C98F154A0811BF1C54B3CDCE3C1DB95636241C43A655BD7E0F5130CB7E819B319BCDAD6A5F70ADDB2A4A0E34BE86115C49D509CC2B6A1324AAF5AE7D60C9273C8C5731D9DDE6C28436A6FC08BB7CD16463679DBFA0CFDAC3679F676B91DA005F6A168751947C1E7C867F520AF7CD84469EC90C947AA16F720DE42C492B65AD62AD6A8780505462A97F5D997B2555265AA6B9AE2389CAA65DD33CB3EBAE8D6D3920C7174FC61286D267F4E63376EBF61B64F37DC4D1A3CC278CAA94D38E0A7681B4D33D20565A7C9DFF71E594043939F219DBB6E0C93F135274DF066184E21673B9024DFA2B84953875A0980D28A733F4778DB00618FADEC7CB7C3863BABC17E6B2CDDD4F29D4868596F6CD206C2E6266FD56B83136832DAEAB8DEFBDAF4BAEC7783EC0986AAFB31009EDF30ECF1BBF7FB13705E1F9FA3103EDC8C6F1927D9C588749221461F285B627C2E7EF2E200BA7D17E1AE308A7F05C9F3F886113A698CAD03969F60FCE3CF1D91AF89B6796AACC196E6FE5B74091C6C903F86A4576FBC4F91F3354AD1C7D0259EC117E4888E8226C020E49C3B0EF62F2EB1304377DDE1E427D1BF1645D7357E9D37EAB50FBC2091EECFFC965A36AD3768790B61875634936DD14DA46297D40BF5482D9BAA49CD5BB4925A3433259580E9515AB454139A3568A5336FD5CBE9298FA8042F5BA146B7A7BAB63B4F7637102DCADE8B1CF732C698D8487F5D08B0D81FD2ED5C7B4BC7BADED2C9D1E3D3C98777EF817BF2FECFF0E4DDF49ED3F897048495FBF0D4B2E59BC461C846FA15F8E9D04375D286CC080CAF0D19ECFCB521231317BF782EF14A96ED3DCAC6185EAB7D29CFA63AC75136B53A30D39C7AF0696C402775217BD1F0DA4250E7AF2C725196362513EA22F5FBB2FE25BD3393B8E1A5EDFB90B4EFE57A67DF071CA22E72579C5EEF87A259ED878BB582132E6962E2819F2749E4781955F27BC7F2C4C5CE141F862DBDE357CE73C9A903AF0096508F9461BAF0D2DBBCBCDD8617D087085AE74EFEF8BF0689035C91EF786EAE217D258F28FA24670F96C23F0903634D8031E905C8CD5282F5CC0B91A8365EE8783BE06B718CEBADA9768409D5387CCD05DCC1904C4E8B253A04287798653516B7426D9C5A2D29493413D0E29CAD2B00FCA17B6E02CA9DF615025A1C0726115096637B10509625DF9D80E6D72BBAEBCFDDB5CC4D3CD94B1E8574E6FED024C2C9B06B0FB2C9F063F6A2297FEE54AD7DCBDB67BDF6C5C7386D0BDE862C91AA16A13F5C2C8E8691AB468A2690AB465E771F7F029912BF0B53AD7AC34762F58A335F54EA4B94FAF3B236391DD47076923D25ED3AEBAEF8AECC48F8940BD3938009A44F7280528948D3694ADCC7647BD8487B6CC3196EFA0D56CDA509ACA09A133A83CB6FB34611C4FC348DFB20DC03C6A2E777F1482AE12B92DC0BE1891557434971B5C04B0601DF40445BD8A4B489F5415E66310503C94265CA9A48400AD3D8D2BDB8A1107A0BDB740B8E70D696814A0EE406B0E5F36B236C718C32802DDE4A1B5173ED6C016D03928250D25823A9DEC8A9C6CDAFE9BCBA68DFEE5473AA2443503DED9B180A4B261DBC396539D1814BA57CB4734976C16072C5D08B4BDC7580824BE56406E75221A5ED4C921C720D8EB9BD58C41E49151C2A26D29B418A0F464506691CB50C0E5BD4AC4A13DEC0A1E6E3551BB33B7045121B2272A4E5A0A07954A0A867F7C5067EA80F07AD7CEDC00CD99DBEC88D36C755D775A5662095715D4F7320BD291F1A2AD7A8AA5B2DF3D8C3A260B5540429AEAEC16EE7855B2A68B128B13679C4E2FA878D79285F90632C1D86CFBC23578D8485016C21574B24C985975E9CA00B80C023208F406B37109A491D41853F500E29F1F5C4852C9D85B213F93BEFD81C6228F19F0B884B3CCF8078E099FCF3DAA5EA6D914852E083581918B88EFC34089B030D9B90E8803F1A8B2ED747AB0EA93494F2E4DA36BF3CAC4F9C615E6E8826019261AC96DC8209871C413A8413282B715AF25858C59E922835F71A32A8E837F62AD31170025451AE8FC613D48196FC015B20252F36C4A222D40440AACE94C2E2837191C6A2A213952A50A6D610398F2A1320F36243AC0BC11050C5865855E4980057D5E82352E161341C55AC8F550780D15075A9C93CF30018768679D96C2C9ECA173332782D7EBF86E96B4518C7DC14915034405134D6322BC5AE8A7362C4AE2AD547128D9DA989ABA3946894BAD490BF54AC8BC068AA4E1F950D47A231D91A833564638E98A564AB0CA8A4238B1822E98A4E780A8ECA5BE88F20C612D1E862AD3EB224AA8886965477C096D0CCD7E9A34A028F686049B5997E895A5A97CE6673905C4DF6DC29C45B6EF3BD4203639CDDA2FC98815F3533142AA68306A28A0DB18AA80D01AC289FA534296F993B4B53FEB8D14F9A14186ACBC34443B086A73184438DC9843830C6BD29C4438D6726B333900CD5D57A67C1C89E96FAC9851C625C33513EEFD228AA27DFBD2DDCA08BD573A1CC16A9DF4EA0EF638FBA30C2F533DFA41ABDBA86E6AE9B57C5D56F7BE23CE12E386F625BA561C2AEF25B8260B0200D169BDFFCB5EF41E218950DAE41E83DC104E51119F6F1E1D131977B6F3E79F09649E2FA92AB7345323C76C9264E47E71126B706B81A06918819E8C217103BCF20FE43005EFF48E375C83297912C7C297215BAF0F5CCFE67D6E7D4BAFAFB43D1EDC0BA8DB1009D5A87D6BF06C84DD76B264CFEB96C1EC34457C93E269C34D5DA2862246657EBC5FC9ADA12464B8C7809E263B03AC8726EEF87D20C218F5A7F4836A7C950240E0C4AE73CEB8F46E73523FA8E86CA6BD68B34EA167A00343E3F594FAED1299A1EBDC18C59F337F713445BD6E641ADEBE6B9B2A4A8593CE5B87C9788019716AB97180C6678F8F456BDC0E429ACBA304B96BEAA9FDEC85254F54294A4A11A0A6F1016AAD24C75C152A69892D96C9DC9CA534E75214D996EAADDD1936B834CB5DA5D96B267567C605D255F42EFB71457DC636E700E0C677E864A2921B9589DC26E8FE284B2F91B8C3CC7BCABAEF7D82DA74F2F4517F3F618C0F5C8CDD34132BEB3B43683B9107762D69AC1B0F729DADD53D574109EC9D3BCECDB4CB0C95F8CA8C9BB4EB9B25D5775264E7EB75D9A4C7AFC5D7AE89C253388B297843AED3F33C994017F4DAFDF338BA1EF977F6466C25604C0ED3FCBC8D4C2A67A1C9FB9B019E5129999ACE5118D7B4F1932B5A4291E716726686699417A089A34650717BAD625B9C8F7221AAA5008DD816695D14373B546322E4CE07BD71422DDB3C5EC233DC7FF6F468EB924E1D8E74ED5F2DDCF3CB6A9BD67D9106330F93565332D30E6A03E52CA8C45FE05CF99ED3E9277A4FC646A9C5E439D5D4306AF083BE691855D55184368211B2DCF232B0FFBE687941C3B8541256D9A8755E473681ABB3885348E5DB4691E5B9125A169EC5CD91B87CE9B348F2C8FA2560DDC3268DB80F2C1F69C3A8409306F4917D37635D2F8E5BB60F3679C296410A630EAA1F8807B78A68C9518641096D00A24FF74B93F43464B0432144398BD888AA6EE3FF5C1B37D6892AA76FEA99E4DDBF5EC727948855426A09388BA41EE0EF12369ECE651FF07397635136F5B4390FF913C840EE3E0556DAEC2A7A8F433398ACA26DCF3C43544C0C5DEDF798CBC27E0205C4D3E53C812BB674FBFE4639947E85E85B729DAA5084F19068F3EF3664AFCD5A6F1B304252CCDABDB1DF9950C31054CA6473EEFB80D7F4E3DDFADE8BE943C84282088235C7C1440D612918F03B66F15D24D146A0215ECABFCF77B18EC7C0C96DC861BF002BBD086C5EF13DC02E7AD7E445681B42F04CBF6D58507B631089202A3EE8F7F62197683D71FFF07204A07058A7F0000, N'6.1.3-40302')
INSERT [dbo].[__MigrationHistory] ([MigrationId], [ContextKey], [Model], [ProductVersion]) VALUES (N'201809240546267_newqrtty', N'MegaProject.Migrations.Configuration', 0x1F8B0800000000000400DD5D5B6FDCB8157E2FD0FF20E8A92DBC33BE34416A8C77E1B5E3D6687C41C659F4CDE048F4588D2EB3BA38368AFEB23EF427F52F949428895789D46D94458020C3CBC7C3C38FE4A1C873F2BFFFFC77F5D36BE05B2F304EBC283CB38F1687B605432772BD707B6667E9D30F1FEC9F7EFCFDEF561FDDE0D5FAA52C7782CBA19A6172663FA7E9EE74B94C9C6718806411784E1C25D153BA70A26009DC68797C78F897E5D1D11222081B6159D6EA7316A65E00F31FE8E745143A709766C0BF895CE827241DE5AC7354EB160430D901079ED937700BEEE3E89FD049174569DB3AF73D80245943FFC9B64018462948919CA75F12B84EE328DCAE772801F80F6F3B88CA3D013F8144FED3BAB86E570E8F71579675C512CAC992340A0C018F4E886E967CF54E1AB62BDD21ED7D445A4EDF70AF730D9ED948D1297052DBE2DB3ABDF0635C4EA6DF05A9756051790715191067F09F03EB22F3D32C866721CCD218F807D67DB6F13DE7EFF0ED21FA0AC3B330F37D5A3C2420CA63125012C2DFC1387DFB0C9F58A1AF5DDB5AB2D5977CFDAAB658B5E8DD75989E1CDBD62D12056C7C587181D2C43A8D62F85718C218A4D0BD07690A633494D72ECCB52908C13589FF2E5B43E443F3C8B66EC0EB27186ED367A45EF06A5B57DE2B74CB1422C197D043D30E554AE30CB635F231009E3F7A2BEB6C83877AF4766E609280EDD05A5B2D6BFAB74C0AB41A3D0698EBC613A3AAB9AFC9E1E422781DE6465D73AAA9F1E2251EAAF1E8EDC6A72E96B47DDA3783141A72515F4797376FCA50DA5BF0E26DF3819175DEB63E433FCF4D9EBD5DB139D2847D24A5AEE228F81CF9EC3C28321FD751163BB8F391AAC40388B730ED38F1880446532EAFB3AFC956B1CA74AE69D271B8A99657CFCD9DD1A95B774BD2C4D1F187A166F3241B6BDED2DD37A4F6E99ABBCD820D8CA7ECDA840D7E8AB6D1342D5D52EB34FEF7838707D070C9CF91CE5D374626C9E8626709DA0CC32978B60349F22D8A9B66EA502301D2ACD2DCCF11DA3640D8632B3BDFEDD0C29DE7A0C35C2CDDD48A9D4828596F6CD202C2E6262FD56B83136432DAEAB8DAFBDAF4BAEC7783EC098653B7ED4C74FCEEFDFE08CECFC7E728848FB7E3AF8C93EC62989DB889698EBDE84CFFE4C50174FB0EC23D5914FF0692E7F11746E864315A1D107F82F18F3FF7985F136DF3545B830DCDC3B7E80A386841FE18E25ABDF13E45CED7284B3F862EB60CBEA48E682868020C22CEB9E320FBE20A9119BA171D4E7E92F9D732D17517BFCE1BF5850FBC2091EECFFC965A16AD3768790961875614936DD14DA22293D40BF5442D8BAA452D4AB48A4A8A998A8AC1F4242525D582E6055AE52C4AF5327ACA232AC6CB47A8D1ECA9BE659F27BB5B982ECADA8B02F72A46986891FEBA1060913DA45BB9B6968E75ADA593A3CDD3C98777EF817BF2FECFF0E4DDF496D3F81F09B02AF761A9E5C33789C190B7F40BF0B3BD7D5CA6699B2F02C3CF861C76FEB321171325BF782EB64A96ED35CAC2085EAB7CC967D339C74936F57460BA3975E3D3AC019DA60BDE8B869F2D1875FE93454E656951DCA12EACDFD7EA5FCA3B33C60DCFB6EF8369DFCBE79D7D1F70F074919BE2F4783F9262B51D2EE60A46B8A48889057E9E2491E3E552C9BF3B96272EB6A7E8306CE91DBF0A9D4B4E1D680410433D9C86E442436FF37CBB0B2FA10F53689D3BC58B980B9038C015F58EFAE61ACA57EA88924F72F66025FC93D0309A0930C6B500FEB294A079E685A9386DBCD0F176C0D7D218575B73DA612554EDF03997700743DC392D95E808A0DC6196555BDC08B5696AB5A49868465072CED625007FE89E1B41B9D3BE82A0E438300941598DED81A0AC4ABE3B82169F5774C79FFBD632377AB21F7914EC2CECA149C8C9A86B0FDC64F4317B6ACAAF3B5563DF72F7598F3D798CD336E06DC81256B590FE70B1381A86578D124DC0AB465D776F7F024E89EFC254A3DEF048AC1E71E645A53EA3D4CFCBDA783AE8C2D9897B4AD975C65DF1AECC887CCA81E929C004EC931CA05414693A4D89FB986C0F1B698F6D38C34DBFC1AAB534C12AA8D6844EE3F2AF59A310B1384DE72E025E0863D1F2BBDCE04CF82AF397401D239F8612F269816706065FC3B47AE09B7B2224B6551FE2ABD5923865080B230B91CFF0A45C562530D4A2DB0295CF77992C64756DA94E3E7208B5859DBE054738AECB4025677A03D8F206B711969CC40C60C9756B236A31C15B40DB80A42014A16B24D5353B55B8F9429E9F71DA1F88AA3E55CC1066AFF6C71C0A4BC60E7E456635D1414B253FDAB524FB4661F295A29796B82F0A0A2D959D195C4B84A5ED4A929C930D4ECABD54C49E6A151A221DE9AD20C59B5351411AA73583F31AD5AB72096FD050F309AD4DD91DB422712F1135D272D6D03C6D50D2B3FB62833ED4E78B56BD765086EC5A40D4469BEDAB6BFD523D90725CD7581D68DE947715957555E5AD96854F2F49582D15CEBFAB1BB0DB79E19672062629D6BAF004BEF8616DEE221B14184B87D1336F0B562D2132802DE47231935C78E5C5497A0952B001F81EE9C20D8462525B52610F944D72E6A23888A5A15056C0FF2EFD2855AEBB12D39B54BF42FD0BB0F19EF39E99558A9A16F6CA063E88D5BEB617919F05618BF76E135671D947C31429FA08E435380D4192F4312AFF571AA54AD4C7A9FC5B699C2A51C4592DB9C111CE42020B84832ACB2A2DCE31EB686FDED587912EDC6BA8ADD272EDCF4AAB59E51FDB8444FBA9D25874BA018BCA6F2B0C8B541F5CDAFA5778A38A3D2CD20DD1244033E223D9897B32516A62687050516FEC51A61D37052892AE8FC60BD441167129A6920DB128C74A0190CA339590F8398832928C4E52AA40995C43E4C21952802C920DB12E8585804A36C4AA1C1E05B82A471F91F26AA4E1A8647DACDA6F9186AA534DFA59F86DB13D2CD266B3E2A9EC7FA305AFE5ACA9B1F4B5228CB3DC0C62B2190DB39276957B1E43BB2A754A43B676AEA351EA5443FD522E5A82A2A93C7D54D68B8EC664730CC6907595638692CD32909276886384A4333AE129342A2FA1DF82E80247A38BB9FAC81267381A5A92DD015B22339FA78F2AF197A38125D966F34B9CA575EA6C3607C9E7F09E3B8578B362BE5768608CB35B946F70F8513343A15C91988F1675B22116713612C048FA2CD9A4BCD9E8CCA6E242AD1F9B1418EA958771E261179E46CF233526E399C32CEE4D9E496A3C33CECE8019AAEB9CCEC4C8AF33FBF1420E31EE3251BE4AA051542F15F63670830E56CF81321BA47E3B81BE8D3DEAC008571E7C91AAF5EAEA83BBE25891EB86F620A8C2FD4351C4B6CA850999CA6F490A83052EB058FFEA5FF81EC4865159E00684DE134CD2C291C83E3E3C3AE6E2A8CE27A6E932495C5F725D23096CCA0ED7E4E1453DACE256AFEC1E9E4FE10B889D6710FF2100AF7FA4918CA386F642E22283F6C2E2A27F1A60758AF0D98121C3C5D81C851F6258CD7E63CBC62ACC45169EBF5D872E7C3DB3FF95D739B5AEFFF148AA1D5877315A5E4EAD43EBDF0304DCECD51326A866DE8F615C46652FA4278D1F390A8DC49091BD945F4B5BC268D1886710EF58DA81CB83AD9FF2E090FD21D9404D43893830281DC8B13F1A1DAC11CFF774A8608DBD44A3EE280640E3832EF6D41A1D776EE30DB698353B124DE0425E2F0FEAB96E1E00508A9A3B898FAB77090DB8587FBD6830D8C2C3C7ECEB6F580AC1DFBA284B1693AFDFBC91C5DDEB852889AD3714DE202A54C5CEEB82A58C9B275BB3753A2B8FA3D74534650CBD76434F3E1B6453ABDD64296BE6C907D675F225F47ECD50C603D20667C070CBCF507172249FDDA758B7473142D9A0344696635155D77AEC16A8ACD7441783918D71D66DF984FE9B8CD5359809712F86E21A0C7B9FD4EE1E7FAB0379268F5DB5EF65828D6865244D5175CA91ED3AAA3331F2BBEDD2B8D3E3EFD24307629A41E81089F3E5FEC32D4DE9C5DCF436C260E99B7F50A599918DB8E4EE3F74D2D464533D9D9839D98C0224CD8C6B858FF5DEE3204DCD34C515FFCC886616EEA807D1A471883867DA2E1193BE176AA81C65741B9A559822CDD11A6971614271748D8BD43D04D63E620EFD76C30CCD25B2D03E77AA965761F3D8A6F61E3A48F40AE7C7948DFD5205FEA98F937C48A0E25DD799ED6EF0FD517122BDA84209099B158F4F2D379236A85C793B860185D4F18464F08A400B3CB2B06B0B6D082564AD15C1B7E5812EF82625C75AA1514999E66615116C9ADA26A79CC6B64999E6B61571619ADA2E1693C6A68B22CD2DCBE346A81A6E69B4AD4179637B0E96C484D4680990D5F6E9A5D1EF42D853661C1B6910A530D343E13E30BC52C60A8534884AE809247F38DF5F21A3853E1A4A21CC5E44F9F2F7EFFAE0F18D3445551F2EA89A4DDBF5ECA21749492A23E82454378856243ED147662452BC17145701C8944DBC6D0DB1429821741803B22A731D3E45A51DCB495416111E4BA7C045D6E5799C7A4FC80844D9F81944FEBF61E457CBF831CE06BAD7E15D96EEB2147519061B9FB993C5F67053FB79482656E6D5DD0EFF4A86E80212D3C3CF47EEC29F33CF772BB9AF24172D0A086C68934707782C53FCF860FB5621DD46A12610515F753E7880C1CE4760C95DB8062FB08B6C887E9FE016386FF525B50AA47D2058B5AF2E3DB08D4190108CBA3EFA8938EC06AF3FFE1FB789C7BCD4870000, N'6.1.3-40302')
INSERT [dbo].[__MigrationHistory] ([MigrationId], [ContextKey], [Model], [ProductVersion]) VALUES (N'201809240552435_nwtqycyc', N'MegaProject.Migrations.Configuration', 0x1F8B0800000000000400DD5DD96EE4B8157D0F907F10F494049E2A2FE946C728CFC063B71323ED055DEE41DE0C96449795D65223516E1B41BE2C0FF9A4FC4248AD5C25525BA907FDE212C9C3CBCBC3CB4B51F7F6FFFEF3DFD54FAF816FBDC038F1A2F0CC3E5A1CDA160C9DC8F5C2ED999DA2A71F3ED83FFDF8FBDFAD3EBAC1ABF54B59EF84D4C32DC3E4CC7E466877BA5C26CE330C40B2083C278E92E8092D9C285802375A1E1F1EFE657974B48418C2C65896B5FA9C86C80B60F603FFBC884207EE500AFC9BC8857E523CC725EB0CD5BA05014C76C08167F60DDC82FB38FA2774D022AF6D5BE7BE07B0246BE83FD91608C3080184E53CFD92C0358AA370BBDEE107C07F78DB415CEF09F8092CE43FADABEB0EE5F0980C6559372CA19C3441516008787452E866C937EFA461BBD21DD6DE47AC65F446469D69F0CCC68A46C041B6C5F7757AE1C7A49E4CBF8BA2D58145951D5464C09C21FF0EAC8BD447690CCF4298A218F807D67DBAF13DE7EFF0ED21FA0AC3B330F57D5A3C2C202E631EE047187F0763F4F6193EB1425FBBB6B5649B2FF9F6556BB1693EBAEB109D1CDBD62D16056C7C587181D2C41A4531FC2B0C610C1074EF014230C65379EDC24C9B82105C974EDEE523F955F68A4988D7936DDD80D74F30DCA267AC66F06A5B57DE2B74CB2785245F420F2F3FDC08C5296CEBAC18DFE3C70078FE64BDADD30DA1C064FDDDC02401DBA1B5B95AD6CBA365D1606BF51890B560BC70AA96FB5A3C4E2682D761EDD42DA75A3A2F5EE2E1168FDE6E746A6592B69B85B6A54E34E4E2B18E2E6FD695A1B4B7E0C5DB6613231BBC6D7D867E569A3C7BBB7CF3A409FB58D4BA8AA3E073E4B3EB202F7C5C4769EC90C147AA1A0F20DE42D471E11512182DB9ACCDBE165BC52AD3B5A649C7E1965AD63C738746A76E3D2C491747C71F865ACD936CB8594F77DFB0DAA7EBEE360D36309E72681376F829DA46D3F47449D969F2F7834726D0D0E46748E7AE1B63976474B1D3046F86E1143CDB8124F916C54D2B75A8990028AD34F77384B70D10F6D8CACE773B6CB8B3127CD88BA59B5ABE130935EB8D4D5A41D8DCE4B57A6D70824C465B1DD77A5F9B5E97FD6E903DC170E9B69D918EDFBDDF1FC1F9F5F81C85F0F1767CCB38C92E46D849BA18BDA36C8AF1A9F1C98B03E8F69D84FBC228FE0D24CFE31B46E8A431B60E983FC1F8C79F7BC2AF89B679AAAFC1A6E6E15B74051C6C903F86A4556FBC4F91F3354AD1C7D0259EC117E4888E8226C020E29C3B0EF62FAE3099A17BD1E1E427597F2D0B5DD7F875DEA82F7CE00589747FE6B7D4B26ABD41CB6B083BB4A29A6C8B6E1215BBA45EA8276A59552D6A5EA355D4A29AA9A8044C4FD2A2A65AD0AC42AB9C79AD5E4E4F79442578D90C35BA3DD5BBEEF364770BD1A26CBDC871AF628C898DF4D785008BFD21DDC6B5B774ACEB2D9D1C6D9E4E3EBC7B0FDC93F77F8627EFA6F79CC67F494054B90F4F2D9BBE491C86ACA75F809FEEEDE5324DDBCC080CBF1A32D8F9AF864C4CFCF8C5738957B26C6F5156C6F05AF54B3E9BAE394EB2A9970333CCA93B9FC606745A2E642F1A7EB510D4F92F163995A555C980BAB07E5FD6BF9477668C1B9E6DDF07D3BE97D73BFB3EE090E52277C5E9F97E2CAAD57EB8582A38E1922A261EF87992448E9749257FEF589EB8D891E2C3B0A577FCCA752E3975E019C00CF5C8332C179E7A9BE7DB5D78097D88A075EEE45FCC5C80C401AEA8773C36D750BE5247947C92B3072BE19F848EF14A80316905C89BA504AF332F44E2B2F142C7DB015F4B635C6BCD65479450F5C3975CC21D0CC9E0B454A22380728759567D7133D4A6A9D59262A219418B73B62E01F843F7DC08CA9DF615042D8E03931094D5D81E08CAAAE4BB2368FE7A4577FEB9772D73A327FB9247C1CEDC1F9A849C8CBAF6C04D461FB3A7A6FCBA5335F72D779FF5DC171FE3B44D781BB284552DA43F5C2C8E86E155A34413F0AA51D7DDFB9F8053E27761AA596FF848AC9E71E68B4A7D46A93F2F6BE3E9A086B313F794B2EBCCBBE2BB3223F22927A6A70013B04F72805251A4E93425EE63B23D6CA43DB6E10C37FD06ABD6D2045650AD099DCEE56FB34621627E9ACE3E42F742188B9EDFE58614C257593C051E58F16A28295E2DF0CC20E06B88D8B081C4B6EA437C652D8BA00DC130B210D90A4F4AB32A81A18C6E0B54B6DE65B214D6B5A579F19243682DECF42D38C2715D062A39D31BC09637B88DB0C549CC00B6B86E6D44CD17780B681B90148422748DA4BA66A72A375FC8F32B4EFB055135A68A19C2EAD57E994361C9D8C15B6456131DB454F2A35D4BB27714266F297A69897BA3A0D0523998C1B554B0B45D499273B2C149B9978AD853AD4243C5407A2B48F1CDA9A8208DD39AC1798D1A5569C21B34D47C426B537607AD48C24B448DB49C35344F1B94F4ECBED8A00FF5F9A255AF1D9421BB1610B5D1E6FBEA7ABFD408A41CD77556075A37E55D45E55D5565AB651EF35B3C582D15C1C1AB1BB0DB79E1960A162E9E58EB3C52F8E287B579086D90632C1D46CFBC2F58F584C900B6902B254C72E1951727E81220B001E41EE9C20D846A525F52E10F945D72EEA23889A5A35036207FE78DD4A1BD12D7BB687E85C71710E73DE33DB3AA142D2D12B50D7C10AB63712F223F0DC296E8DE262C36C89686634BF411B9485A898465913966152F2B43AD0ACD71ABB858196E5528E2AE96DCE40A67298145C2419765A51667193BDC9BB7F561A60B771B5AAB3957C6C3B27C93C7D73621D171AE3416FD5C1FAD7A374343295FD8B48D2F8F661547983F37449300CD888FC54EDE938952174583838A7663CF321DF8294015CFF5D178813AC8229A70EAB12116159829005265A612167112A28C4541272955A04CA921721E4C2940E68F0DB12E0543403D36C4AA022605B8AA441F918A8AA4E1A8C7FA5875DC230D553F3519671EF7C58E307F361B8BA73A3F1819BC96B3AA86E96B4518C7DC485C3B6397CE6C9A95B4ABC2FB18DA554FF5914463676AE2EAE03C1AA57E6AA85F2AC44B503455A68FCA46E1D1986C89C11CB2A176CC54B2450652D201758C907441273C8546E535F47B1043E86874B1541F59124C47434B8A3B604B64E6CBF45125F17634B0A4D86C7D89ABB47E3A9BCD41F23ABDE74E21DECC98EF151A18E3EC16E5373CFCAC99A150A14CCC21BD7E6C8855042B0960C5F359B2497933D2994DF9855C3F362930D496870902620D4F63E4921A9389EC618C7B5364931ACF8CB3336086EA3AA83331B2EBD07EBC90438C6B26CAAF1A6814D5970E7B9BB84127ABE744994D52BF9D40DFC71E7562842B13BE4AD57B7575C25D91AC8AEB8AF624ABC2FD455EC5B64AC3845DE5B704C160412A2CD6BFFA17BE0789635456B801A1F70413940722D9C78747C75C9ED6F9E44C5D2689EB4BAE7B248953D9E99A3C7DA94754DC1AD56D9CC650CC581ABE80D87906F11F02F0FA471AB17356D24110B9CCA3836072D9450D303B6510EDC0A0E172788EC21F316D67AF79E1722166220B9FD75D872E7C3DB3FF95B539B5AEFFF158343BB0EE626C7E4EAD43EBDF0324F4EC3512266967368E614252655F604F9A9F72141A8929297B29BF96B684D1A211CF203E70B5039707B3ABF2E493FD21D9445043893830289D28B23F1A9D0C92AC77345432C85EA251771803A0F1491D7B6A8DCE6BB7F1063366CD814A1384A8D7E641BDD6CD130C4A51B320F471F52EA101974BB0170D06333C7C4EC05E60F2BC7F5D9425CBF9D76FDDC8F2FAF54294E4EE1B0A6F1015AA72F375C152E6E593D96C9DC1CAF3F475114D99A3AFDDD193AF06D9D26A7759CA96D9E303EB3AF9127ABFA6B8E0016B83736038F333541E1EC96BF929ECF6284E289BF4C6C873CC9BEA7A8FDD12A1F53BF00AC9CEC638EBB6BC62FF4DE6021BCC85B817537D0D86BD4F6A77CFEFD5813C93E7C6DAB799603366194993379D7266BBCEEA4C9CFC6EBB3419F4F8BBF4D0899E66909A4412DCB9FF744E534649377D3B6160FAE69FB46966642B427EF79F9A696AB2A93EAD9839D98C1230CD8C6B790CF7DEF32C4DCD34C5270033239A593AA51E4493E639E28275BB6464FA5EA8A10AA4D1ED6856699034676B24E3C2A4FAE89A77A97B8AAD7DE434FAEDA6319A4BE6A27DEE542D5F8DCD639BDA7B6A2231EA9C9F5336B74C9558A83E4EF22987F2EFBECE6C7743EE8FF213E94595AA48D8AC787CCADC48FAA04AE5FD18262C52E72B92C12B1239F0C8C2AE2DF421D490F59627F79627D2E0BB941C6B854E25759ABB5564C869EABB38E534F65DD469EE5B9177A6A9EFDC9834769D5769EE599E9742D5714BA76D1DCA3BDB7332262665474B02AEB6572F8D7119C29E32E3DC4B832885591E8AF082E1953256AAA54154422F20F987F5FD15325A6AA5A114C2EC4554AC7FFFA10F9E3F495354F5E1826AD9B45DCF2E3B9294A432824E4275836C48E227FCD88DC48AF782FC2A00BBB289B7AD21561833840EE3405675AEC3A7A8F4633989CA2ADCF5C70D44C0C5DEE5798CBC27EC04E262F21944F6BF6D6457CBE4639C0D74AFC3BB14ED5284870C838DCFDCC9127FB8A9FF2CE5132BF3EA6E477E25430C018BE991CF47EEC29F53CF772BB9AF24172D0A08E268171F1D90B944E4E383ED5B85741B859A4085FAAAF3C1030C763E064BEEC23578815D64C3F4FB04B7C079AB2FA95520ED13C1AA7D75E9816D0C82A4C0A8DBE39F98C36EF0FAE3FF018180115754880000, N'6.1.3-40302')
INSERT [dbo].[__MigrationHistory] ([MigrationId], [ContextKey], [Model], [ProductVersion]) VALUES (N'201809252237366_sohpmem', N'MegaProject.Migrations.Configuration', 0x1F8B0800000000000400DD5D596FDCBA157E2FD0FF20E8A92D7C67BC34416A8CEF85AF97D668BC20E35CF4CDA0257AAC46CB448B63A3E82FEB437F52FF4249AD5C2552A2344A90178F487EE7F0F0F070FFF2BFFFFC77F5CB6BE05B2F304EBC283CB10F16FBB605432772BD70736267E9D34F1FEC5F7EFEFDEF56176EF06AFD56E53BC2F950C93039B19FD3747BBC5C26CE330C40B2083C278E92E8295D3851B0046EB43CDCDFFFCBF2E0600911848DB02C6BF5290B532F80F90FF4F32C0A1DB84D33E05F472EF493F23B4A59E7A8D60D0860B2050E3CB1AFE106DCC5D13FA1932E8ADCB675EA7B0069B286FE936D81308C5290223D8F3F27709DC651B8596FD107E0DFBF6D21CAF704FC0496FA1F37D955ABB27F88ABB26C0A56504E96A451A009787054DA66C916EF6561BBB61DB2DE05B272FA866B9D5BF0C446864E8193DA162BEBF8CC8F713E917D1765A93D8B48DBAB9D01F90CFEB7679D657E9AC5F02484591A037FCFBACB1E7DCFF93B7CBB8FBEC0F024CC7C9F540F2988D2A80FE813C2DFC2387DFB049F68A5AF5CDB5AD2C5976CF9BA345FB4A8DD55981E1DDAD60D52053CFAB0F605C212EB348AE15F6108639042F70EA4298C51535EB930B726A70423D229443EE05F9554E484A83FD9D63578FD08C34DFA8CCC0C5E6DEBD27B856EF5A5D4E473E8A1EE870AA57106BB8495F57BB80880E74F266D9D3D6217984CDE354C12B0316DCDD5B2E91E1D9D0645AB8700F705ED8E5397DC55E7717215BC1E7DA7293955D779F1120F9578F0B6A3BB56AE697758E8EAEAD8422EAAEBE8FAE6A234B5BD012FDE266F1851E56DEB13F4F3D4E4D9DB168327E9B00F65AECB380A3E453EDD0F8AC4877594C50EAE7C24CB710FE20D4C7B76BC5203AD2E9797D95567ABBD4AB7AF29BAA3B9AE9617CFA743A3BB6E532D818883C30FA67AF324036E2EE9F61B32FB74E26EB2E011C653566D42811FA34D348DA473224EE3BFEF3DDC809A213F473A75DD184D4946573B4BD060184EE1675B9024DFA2B8ADA79A6A099066B5E57E8DD0B001C20143D9E9768B02779E82167BB170502B46222E6733B0093370839B38D7A0018ED3496BA8634AEF6AD0EB33DE19191334BB6ED71AE9F0DDFBDD3938DB1F9FA3103EDC8C1F192719C5B0776211A30BCA9B18AD1A9FBC3880EED046B82B83E2DF40F23C7E60844E16A3E880FC27187FF97387FD6BA2619E9065AC69EEBF4597C04101F922C4A506E37D8C9C2F51965E842E9E197C4E1D7EA2A00860449D53C741F38B4BE4CCD03DEBB1F213F4BF8E8EAE1AFC7A0FD4673EF08244383EB3436A95B519A0C539B8115A924D3444B7A98AA6A45EA8A66A9555AE6A91A353D5329BAEAA184C4DD332A75CD13C43A79E45AE41939E6A898AF1F2166A9DF6D47BDDA7C9F606A68BAAF4A2C0BD8C11260AD25F161C2C9A0FA9166E664B87AAB3A5A383C7A7A30FEFDE03F7E8FD9FE1D1BBE9674EE36F126053EE62A69637DF2413865CD26FC0CF76B6B94CBA6D1E04CCF7861C76FEBD2157137D7EF15C3C2B597697A8322378A5FC953FEBF63946B3A9BB0355CDA9854F13037A75173C1699EF2D1875FE9D45ECCAC2ACB8427DBC7E57D1BFD277661E67DEDBBE0F4FFB5EB67776BDC0C1DD453C1527DBFBA1CCD6CCC3F9546E122EC832FC5CED21865F3398E8DE05A1CAEEF49CAD52A2D7E1368F30E9C95B2D7992DD7D5A64848F787621389D62464F8B74BDC489BD6D719B6A52C960A233225A6AB16F1C9ADE37964596D324891C2FEF16E2138D6A2F87AEC245E85A6A1B3B452504FB19A84A28B678F81BD20B0D2A361B356EC373E8C3145AA74E7117EF0C240E707983A2BAB99AFA55D197D04FB0AB416BF8274E308A6730C6A500DEB34E5084F4C2940F7E5EE8785BE02B598C29AD38A06323D472D89473B88521AE9C9249541490CE5D97B52CA685BA2CB55A129EA8E7A0E50E9EAA03B0DB79737350661F51E2A0E546C3240E4A5B6C070E4A9BE4BB73D062E356B5FD995DDCB9B927BD7D2CF1CE62A535897352E6DA816F52F698BD6B8A2F52C8DABEE35645D3F6E535BFAE06EF4216785587D3EF2F160766FCAA55A309FCAAD5D6FDE54FE053FC8D5359ABB75C3F6D5A9CBAABADEE51F28BAB5D7E6A3470F6F23DA9EE2AED2EB9B1AAE57CD28619A8C004DE27D89A91B948DB3E0D3F8E89C6B091C6D896DDA1E90758B995268882724BA80817EF938FE288C56A3A7FDEE28530E6677EE78F3811BE8A76E750C5CA0DBAA45CABB39E81C1D730A51F2425B6D52CE2EB68593E07E302230D91F7F0A40AAB021822E87640E5FD5DA44B195D3B8A97DBA75C696EA4EFC0E196EB2250C19A5E03B6BA1BD20A5BAEC43460CB8B1CADA84507EF00ED02520261B692C5ADDAA4336844F7682065D78188CCED1787D8FEABBCDD5457AEF6332E16286F0D1158225F63E33B6D891E56AABCADDB4AA21D0F9D3D8F415662F6272456AA2A63DC4AA5CF771B49B0EAD658770F3211BD469658A8ACC8600349EEC6F3065258FB69ACFE885A5503428B85DAD77B5DC6EE6115C13338DE221D2B17C5B50BA13D3DCAB6D843BE5AE9B46B0F63888E2F796B74CDA455E7D2440D843EAE3AF535D46FAA938F7AAE56A7AD96053741F961B5949018ACAEC176EB851B82D4A0FC62AD0B4683B39FD6FA4FFD830263E95076666796B524E40C60039954EC492EBCF4E2243D07297804F818E8CC0DB86CC299A96462508964269F7C23563385AA00FEBB2824A720104CE4CBE297A87E015E0AE47E4FF52A49490BB34B001FC472CE80B3C8CF8290FBCC7AA41C8B260320E1E8147544E6C5BF40C32A491FB37ED72F42AD13F571EBF7FB22DC3A91C75D2D99C6E556669C1771CB66DA2B957C968AC383FDB6591AF5F1DD96D2729FABDEEDD3FE26E601684322DFE39358E47775B47AA78784926EFF74D5AF7875CFD7B0F8AE8926009A913F9623F9404F144E51147C50526EEC56261FA87350E577753456A11EBAF0219CF8AC89453C20E70089345D0DCBF75CBC8E65422F2D65A054AA2672F1E89B832C3E6B629D738180F8AC89553FECE6E0EA147544E2F53609477C56C76ADE679350CD579D7A16EF53E91A16DF6613F164EB07AD80D7B15655087D9D08E3841BC1D44E7B4AA7D7CC52B7AB9F21536E577F5547E2839D6E886B1E119328CD574DFB124F5139431369EAA8F46B6112934ED16843FA4930D59474928696E4C35F4A4932A1179EC4A2E21CEA12F8A7BE243A9FAA8E2C78F44B420B927B600B7466D3D45105EF82496041B25EFFE27B69F375368383603B7DE048C19FF3E88F150A18E38C16D58D20B6D5F450882797D422BDF9AC89553EAAE4C0CAEFB3F426E9C9486F6F2A8EF786799304431E79A8C78A74E0697D6129C7A45E2052C1BDED05A61C4FCF6767E019B2E3A0DE8E911FAE0EF30B31C4B861A2BA2341A2C8EE4DECACE18C36D6C086D26BA4612381FA1C7B971B59F5650013FB593230D57D2D79F9D67D02EAE118B757D0F2304D1D99DF3810A5F74527DF80C96590B9FA4A4AB9398528BD2F3AF5BE4B2E84CAD65716906E0EF159FACA68DE6FC985347926EED8DC59289BA5965E9F8932679FABF21CB29BE59D3B982CB2D85635E34056794B52182C7086C5FAAB7FE67B10AF78AA0CD720F49E90BD8A97A6F6E1FEC12143143F1FD2F66592B8BEE01C9778B32B3CC69C9E3FDDC326EE7C01ABCDA3CC53A6872F20769E41FC8700BCFE9144EC4D8B6E0491A13E3782C9D09B6B60F6A230EFE141E648C447F11F9E377C50BB3064CCB9CADC2DDCABD085AF27F6BFF232C7D6D53F1ECA627BD66D8CC2CFB1B56FFDDB00A3F8A09A50ACE1793DCC7062881E6A4C4A903D8A1BF19CD8838CDF685BC128B911EB412C73460F5F361657C5ECD7C32169264A532A1A062599AA87A3916CD4B8BFA7A6D8A807A9461C4E1A406359A5075A8D24D67DF48C05B3F6F78C1370E434E141DED7F5198E85A8390BCEB87617B80143663CC80D8C051E96947810989878B88FB144A4C3C3FA8D88587810A2803CD8149E1113CAC881FB6049898145315BA5B262A2E03EAA494982BB277AE2DE20EA5ADD5396AA64FE79CFBA4A3E87DED70C25DC236B30131826FC982202149CB74D11B7479984D2AC7B5A33C7A2A8EAECB11F13EBB0052FC7B63AC65AB7E3ECEC872423353685B8E3B9468D61EFD2B5FB138CF6709EC9C939771D2668CA4E2D6D8AA253B66CDF569DC924BFDF288D2BBD8351BAE5906DD74C8FE36D2109C91D87EF18B410381A044F4D0DF69D448C06D181C12D90764245031316D3A48933A0F9121025B4D3284C41EE3525E348DBCD418DF9C1FC091067E66C257D463BB9C68FE86CB28B853377362D32C399F95AC187D2CAB8F2237A9AE402DCCC1C4D8F9A7080A309390319AA8A3EEC86DF8B6BC89E91AA0A9A15A5A0626B8D145C28DA2C42072D0EC3FE7495BBE007FC712901E7C202B8CB91AAE3CEF43C86A99DD3FCF19C2B6C9BD2146B35495FB39C64E9FB8ACB9127B6FB8817AAC582F4ACA6FDE3062B169F0837021944AA588E26F99F9CFB4F042FA1316291B9519B93C1E510492BFE0B1E318D142B52B0ACE5840AF2B48B95F0C3B5C92E5739ADB2CB3CEDB225AC6B6DB28B60D22ABAC8D22E59CCCA2413DC21B44BA09A304D6243A9EBCE95FB9062C8EA60CFECDAEB913C50125366CE99EAD08851A8FE2879CD67DE2863311B1A3109D963C5EFD8861B643426435306A1063F825A6778D58DD3152AAA2A5FCD1025DBE607B32323143AA9C8412771750DF241FE610D9AB722C37B4171F680E6CE89B76920560833840E3563ADF35C854F5135716634AAB2308726D730052E9ACE9EC6A9F784669D28195F4ECAFFEFA9FCC207BE22F708DDABF0364BB7598AAA0C83479FBA298127E06DF27386455AE7D56D7EA29498A80252D3C397BA6EC35F33CF776BBD2F05C79F12083CB32F0F13715BA6F85071F35623DD44A1225069BE7A41720F83AD8FC092DB700D5E601FDD90FB7D841BE0BC3557476420DD0D419B7D75EE814D0C82A4C468CAA39FC887DDE0F5E7FF03F5FFD3616B940000, N'6.1.3-40302')
INSERT [dbo].[__MigrationHistory] ([MigrationId], [ContextKey], [Model], [ProductVersion]) VALUES (N'201809280718513_stroe_discription', N'MegaProject.Migrations.Configuration', 0x1F8B0800000000000400DD5D596FDCBA157E2FD0FF20E8A92D7C67BC34416A8CEF85AF97D668BC20E35CF4CDA0257AAC46CB448B63A3E82FEB437F52FF4249AD5C2552A2344A90178F487EE7F0F0F070FFF2BFFFFC77F5CB6BE05B2F304EBC283CB10F16FBB605432772BD70736267E9D34F1FEC5F7EFEFDEF56176EF06AFD56E53BC2F950C93039B19FD3747BBC5C26CE330C40B2083C278E92E8295D3851B0046EB43CDCDFFFCBF2E0600911848DB02C6BF5290B532F80F90FF4F32C0A1DB84D33E05F472EF493F23B4A59E7A8D60D0860B2050E3CB1AFE106DCC5D13FA1932E8ADCB675EA7B0069B286FE936D81308C5290223D8F3F27709DC651B8596FD107E0DFBF6D21CAF704FC0496FA1F37D955ABB27F88ABB26C0A56504E96A451A009787054DA66C916EF6561BBB61DB2DE05B272FA866B9D5BF0C446864E8193DA162BEBF8CC8F713E917D1765A93D8B48DBAB9D01F90CFEB7679D657E9AC5F02484591A037FCFBACB1E7DCFF93B7CBB8FBEC0F024CC7C9F540F2988D2A80FE813C2DFC2387DFB049F68A5AF5CDB5AD2C5976CF9BA345FB4A8DD55981E1DDAD60D52053CFAB0F605C212EB348AE15F6108639042F70EA4298C51535EB930B726A70423D229443EE05F9554E484A83FD9D63578FD08C34DFA8CCC0C5E6DEBD27B856EF5A5D4E473E8A1EE870AA57106BB8495F57BB80880E74F266D9D3D6217984CDE354C12B0316DCDD5B2E91E1D9D0645AB8700F705ED8E5397DC55E7717215BC1E7DA7293955D779F1120F9578F0B6A3BB56AE697758E8EAEAD8422EAAEBE8FAE6A234B5BD012FDE266F1851E56DEB13F4F3D4E4D9DB168327E9B00F65AECB380A3E453EDD0F8AC4877594C50EAE7C24CB710FE20D4C7B76BC5203AD2E9797D95567ABBD4AB7AF29BAA3B9AE9617CFA743A3BB6E532D818883C30FA67AF324036E2EE9F61B32FB74E26EB2E011C653566D42811FA34D348DA473224EE3BFEF3DDC809A213F473A75DD184D494657FBDC4B9CD8DB166B81916565091A78C3297C7A0B92E45B14B7450553AD0ED2AC6EA55F2334448170C0B079BADDA241224F410BCB58388016A31E97B319448519B881549C6BD060CAE9A435AC32A57735C0F6195B8D8C3F9A61A26B3D76F8EEFDEE1C9CED8FCF51081F6EC68FC2938C98D83BB188D105E54D8C56A84F5E1C40776823DC9541F16F20791E3F3042278B517440FE138CBFD4BAC3FE35D194829065AC69EEBF4597C04101F922C4A506E37D8C9C2F51965E842E9E857C4E1D7E52A20860449D53C74173994BE4CCD03DEBB1CA14F4BF8E8EAE1AFC7A0FD4673EF08244383EB3436A95B519A0C539B8115A924D3444B7A98AA6BF5EA8A66A9555AE6A91A353D5329BAEAA184C4DD332A75CD13C43A79E45AE41939E6A398CF1F2166A9DF6D4FBEAA7C9F606A68BAAF4A2C0BD8C11260AD25F161C2C9A0FA9166E664B87AAB3A5A383C7A7A30FEFDE03F7E8FD9FE1D1BBE9674EE36F486053EE62A69637DF2413865CD26FC0CF76B6914DBA6D1E04CCF7861C76FEBD2157137D7EF15C3C2B597697A8322378A5FC953FEBF63946B3A9BB0355CDA9854F13037A75173C1699EF2D1875FE9D45ECCAC2ACB8427DBC7E57D1BFD277661E67DEDBBE0F4FFB5EB67776BDC0C1DD453C1527DBFBA1CCD6CCC3F9546E122EC832FC0CEF21865F3398E8DE3BA1CAEEF44CAF52A2D7413A8F30E9295F2D7992DD7D5A64848F937621389D62464F8B74273CADA1258389CEA368A9C5BE71687ADF5816594E932472BCBC5B884F34AABD1CBA0A17A16BA96DEC149510EC67A02AA1D8E2E16F482F34A8D86CD4B80DCFA10F53689D3AC5BDBF339038C0E50D8AEAE66AEA57455F423FC1AE06ADE19F38C1289EC118970278CF3A4111D20B533EF879A1E36D81AF6431A6B4E2808E8D50CB6153CEE11686B8724A265151403A775DD6B29816EAB2D46A4978A29E83963B78AA0EC06EE7CDCD41997D448983961B0D9338286DB11D38286D92EFCE418B8D5BD5F6677671E7E69EF4F6B1C43B8B95D624CE49996B07BE49D963F6AE29BE48216BFB8E5B154DDB97570ABB1ABC0B59E0551D4EBFBF581C98F1AB568D26F0AB565BF7973F814FF1B75B65ADDE72D5B56971EA5EB8BA47C92FC976F9A9D1C0D9CBF7A4BAABB4BBE476AC96F3491B66A00213789F606B46E6226DFB34FC38261AC3461A635B7687A61F60E5569A200ACA2DA1225CBC4F3E8A2316ABE9FC298D17C2989FF99D3FE244F82ADA9D43152B37E89272ADCE7A06065FC3947EFC94D856B388AFA365F9F48C0B8C3444DEC3932AAC0A6088A0DB0195F777912E6574ED285E6E9F72A5B991BE03875BAE8B40056B7A0DD8EA6E482B6CB912D3802D2F72B4A2161DBC03B40B480984D94A16B76A93CEA011DDA381945D072232B75F1C62FBAFF276535DB9DACFB858A0BC354460897C8D8DEFB4257A58A9F2B66E2B89763C74F63C065989D99F9058A9AA8C712B953EDF6D24C1AA5B63DD3DC844F41A5962A1B222830D24B91BCF1B4861EDA7B1FA236A550D082D166A5FEF7519BB8755044FEE788B74AC5C14D72E84F6F428DB620FF96AA5D3AE3D8C213ABEE4ADD13593569D4B133510FAB8EAD4D750BFA94E3EEAB95A9DB65A163C08E587D5524298B0BA06DBAD176E080285F28BB52ED813CE7E5AEBD30A0405C6D2A1ECCCCE2C6B49C819C00632A9D8935C78E9C5497A0E52F008F031D0991B70D9843353C9C4A012C94C3EF946AC660A5501FC7751484E772098C897C52F51FD02BC14C8FD9EEA5592921666B2003E88E5FC0467919F0521F799F54839164D3C40C2D129EA880CBB8040C32A491FB3E61010A1D689FAB835578008B74EE471574BA671B99519E745DCB299F64A259FA5E2F060BF6D96467D7CB7A5B4DCE72A8E00DADFC49C036D48E4DB7F128BFCAE8E56EFF49050D2ED9FAEFA152FFCF91A16DF35D1044033F2C772241FE889C2298A820F4ACA8DDDCAE463780EAAFCAE8EC62AD443173E84139F35B188C7EA1C2091A6AB61F99E8BD7B14CE8A5A50C944AD5442E1E987390C5674DAC732E10109F35B1EA47E41C5C9DA28E48BD142701A904753CE2353889467C56C76ADE7B9350CD571DBB15EF5D698B15DF66134165EB11AD00DAB1F65508A59D08E3842FC154517B8AA8D7CC52B7AB9F35536E577F5547E283A76EC86C1E259328CD574DFB124F5B39431369EAA8F4EB6312934ED16843FA8931D59474928696E443624A4932A1179EC4A2E21CEA12F8A7C3243A9FAA8E2C78444C420B927B600B7466D3D45105EF8C496041B25EFFE27B69F375368383607B7EE048C19F1BE98F150A18E38C16D50D23B6D5F45088279CD4A2BFF9AC89553ED2E4C0CAEFB3F426E9494B6F6F2A8E0B87799304431E79A8C78F74E0697DB129C7A45E3452C1BDED45A71C4FCF6767E019B2E3A5DE8E911FD60EF30B31C4B861A2BA7341A2C8EE61ECACE18C36D6C086D26BA4612381FA1C7B971B63F5E50213FB633230D57D3279F9D67D07EA211AB7F7D0F2D04D1D99DF3810A5F74527DF94C96590B9FA4A4AB9398528BD2FBA2BDBB369C9D65716906E36F159FACA68DE83C985347926EED8DCD92A9BA5965E9FB13267A9ABF25CB39BA19E3BE82CB2D85635E34056794B52182C7086C5FAAB7FE67B10AF78AA0CD720F49E90BD8A97ABF6E1FEC12143723F1FC2F96592B8BEE05C9878032C3C169D9EFBDDC326EE7C51ABCD01CDD3BD872F20769E41FC8700BCFE9144EC4DE96E0491A16D3782C950B36B60F6A25FEFE141E608D047F11F9EF37C50BB3044D2B9CADCADDEABD085AF27F6BFF232C7D6D53F1ECA627BD66D8CC2CFB1B56FFDDB001BFAA09A508CE7793DCC706C881E7E4C4AEE3D8A1BF17CDE838CDF685BC128B911EB412C13470F5F361657C5CCDDC32169664B532A1A062559B687A3914CDAB8BFA7A698B407A92660CB1E84471C761A406359AF07B60249FCFBE8190B8EEDEF2D27E0F069C28D3C76E833300B5173969E71ED2E7003866C79901B180B642C69F220303131721F6389489187F51B11F1F1204401B9B1293C2326949117F7C19212178BC60095CA8A898CFBA8262531EE9E388A7B83A86B754F81AA92F9E73DEB2AF91C7A5F3394708FACC14C8898F0638AA850707E3745DC1E65524BB3026ACD448BA2AAB3D17E4CB1C316D01C1BEC186BE78EB3B81F922CD5D814E28EE7423586BD4BD7EE4F80DAC37926270FDD7598A02945B5B4298A4ED9B27D5B752693FC7EA334AEF40E46E99643BB5D33518EB72525249F1CBE03D1423069103C3535D87712451A440706B754DA091F0D4C584C933ACE80864C40E4D04EF33005F9D8948C286D371135E607F327689C99B395F41EEDE41F3FA2B3C92E2ACEDCD9B4C81667E66B055F4B2B23CC8FE869920B753373343DEAC4018E26E43464A834FAB02F7E2FAE217BE6AA2A685694878AAD355270A168BD081DB43816FBD369EE82BFF0C7A52C9C0B4BE12E47AA8E3BD8F318A6764E43C873C2B06D4A53C0D52482CD7292A5172C2E5B9ED8EE235EA8160BD2B39A96901BAC587C22DC086410A962399AE484726E4211BC84668945E6466D4E06974324ADF82F82C43457AC48C1B296132AC8D32E56C25FD726BB5CE5B4CA2EF3B4CB96B0C2B5C92E8249ABE8224BBB64316B944C7087D02E816AC2348917A5AE3B576E468AC1AB83DDB36BAF47F2E0494CE939672A462346A1FAA3E475A079A38CC5BC68C424648F15BF8B1B6E90D198164D19841AFC08EA9FE155374EA7A8A8AA7C3543946C9B1FCC8E2C51E8A422079DC4D535C811F9873A68DE8A0CEF05C5D9039A3B27DEA6815821CC103AD48CB5CE73153E45D5C499D1A8CAC21C9A5CC314B8683A7B1AA7DE139A75A2647C3929FFBFB1F20B1FF88ADC2374AFC2DB2CDD6629AA320C1E7DEAA6049E80B7C9CF1920699D57B7F9895262A20A484D0F5FEABA0D7FCD3CDFADF5BE141C7F4A20F0CCBE3C4CC46D99E243C5CD5B8D7413858A40A5F9EA05C93D0CB63E024B6EC33578817D7443EEF7116E80F3D65C1D91817437046DF6D5B9073631089212A3298F7E221F7683D79FFF0FB993DCFE77950000, N'6.1.3-40302')
INSERT [dbo].[__MigrationHistory] ([MigrationId], [ContextKey], [Model], [ProductVersion]) VALUES (N'201809301622102_user table addition', N'MegaProject.Migrations.Configuration', 0x1F8B0800000000000400DD5D596FDCBA157E2FD0FF20E8A92D7C67BC34416A8CEF85AF97D668BC20E35CF4CDA0257AAC46CB448B63A3E82FEB437F52FF4249AD5C2552A2344A90178F487EE7F0F0903CDCBEFCEF3FFF5DFDF21AF8D60B8C132F0A4FEC83C5BE6DC1D0895C2FDC9CD859FAF4D307FB979F7FFFBBD5851BBC5ABF55F98E703E54324C4EECE734DD1E2F9789F30C03902C02CF89A3247A4A174E142C811B2D0FF7F7FFB23C3858420461232CCB5A7DCAC2D40B60FE03FD3C8B42076ED30CF8D7910BFDA4FC8E52D639AA750302986C81034FEC6BB8017771F44FE8A48B22B76D9DFA1E409AACA1FF645B200CA314A448CFE3CF095CA771146ED65BF401F8F76F5B88F23D013F81A5FEC74D76D5AAEC1FE2AA2C9B8215949325691468021E1C95B659B2C57B59D8AE6D87AC7781AC9CBEE15AE7163CB191A153E0A4B6C5CA3A3EF3639C4F64DF45596ACF22D2F66A67403E83FFED5967999F66313C096196C6C0DFB3EEB247DF73FE0EDFEEA32F303C0933DF27D5430AA234EA03FA84F0B7304EDF3EC1275AE92BD7B69674F1255BBE2ECD172D6A7715A64787B6758354018F3EAC7D81B0C43A8D62F85718C218A4D0BD03690A63D494572ECCADC929C188740A910FF85725153921EA4FB6750D5E3FC270933E23338357DBBAF45EA15B7D2935F91C7AA8FBA142699CC12E6165FD1E2E02E0F993495B678FD8052693770D93046C4C5B73B56CBA4747A741A3D54380FB8276C7A94BEEAAF338B90A5E8FBED3949CAAEBBC7889874A3C78DBD15D2BD7B47B58E8EAEAD8422EAAEBE8FAE6A234B5BD012FDE266F1851E56DEB13F4F3D4E4D9DB169327E9B00F65AECB380A3E453EDD0F8AC4877594C50EAE7C24CB710FE20D4C7B76BC5203AD2E9797D95567ABBD4AB7AF29BAA3B9AE9617CFC3A1D15DB7A99640C4C1E10753BD799209379774FB0D997D3A713759F008E329AB36A1C08FD1269A46D239314EE3BFEF3DDC809A437E8E74EABA310A494657FBDC4B9CD8DB166B81916565099A78C3297C7A0B92E45B14B78D0AA65A1DA459DD4ABF46688A02E18069F374BB4593449E821696B170022D663D2E6733890A337013A938D7A0C994D3496B5A654AEF6A82ED33B71A997F348789AEF5D8E1BBF7BB7370B63F3E47217CB8197F149E66C6042F381C9A6888C17D018B185D50EE50683DFCE4C50174873679659FBF81E479FC16814E16A3B108796B30FEC2EE0E7BF344010C21CB58D3DC7F8B2E818386FF8B10971A8CF73172BE44597A11BA38E6F99C3A7C08A40860449D53C74191D3257266E89EF558D30AFA5FC7B0A23AD4F60E0BCE7CE00589301A6027F02A6B130E887370F180249B282068531505DB5EA8A66A9555AE6A91A353D5329BAEAA184C4DD332A75CD13C43A79E45AE412156B5F8C678790BB50659F52EFE69B2BD81E9A22ABD28702F63848906E92F0B0E16455FAA859BD8EC5035363B3A787C3AFAF0EE3D708FDEFF191EBD9B3E4E1B7FFB039B72177161DE7C93040CB9A4DF809FED6CDB9C74DB7C1030DF1B72D8F9F7865C4DF4F9C5737154B2EC2E516546F04AF92B7FD6ED738C66537707AA9A530B9F660CE8D55DF05C64BEB760D4F97716B12B0BB3E20AF5F1FA5D8DFE95BE33F338F3DEF67D78DAF7B299B4EB050EEE2EE2509C6CEF87325B1387F3A95C102EC832FCC4F021865F3398E8DE72A1CAEEF404B152A2D7B13D8F30E999622D7992B3045A64840FAF7621389D22A2A745BA139E0DD192C144A75FB4D462973A34BD4B2D1B594E932472BCBC5B88CF4FAABD1CBA0A17A16BA96DEC149510EC67A02AA1B1C5C3DF905E6852B1D951E3363C873E4CA175EA14B70CCF40E200973728AA9BABA95F35FA12FA097635680DFFC40946E3198C712980F7AC1334427A61CA0F7E5EE8785BE02B598C29AD38A16323D472D89473B88521AE9C9249541490C6AECB5A16D3425D965A2D094FD473D072074FD501D8EDBCB93928B38F2871D072A3611207A52DB60307A54DF2DD3968B171ABDAFECC2EEEDCDC93DE3E967867B1D29AC4392973EDC037297BCCDE35C5D736646DDF7187A369FBF20263578377210BBCAAC3E9F7178B03337ED5AAD1047ED56AEBFEF227F029FE2EADACD55B2ED6362D4EDD4257F728F995DC2E3F353A70F6F23DA9EE2AED2EB98BABE57CD28619A8C004DE27D89A91B948DB3E0D3F8F89E6B091E6D896DDA1E92758B995261805E59650112EDE271FC5118BD574FE70C70B61CC477EE78F3811BE8A76E750C5CA0DBAA45CABB39E81C1D730A59F5A25B6D52CE2EBD1B27CE8C60D8C3444DEC3936A5815C010836E0754DEDF45BA94A36B47F172FB942BCDCDF41D38DC725D042A58D36BC05677435A61CB9598066C7991A315B5E8E01DA05D404A20CC56B2B8559B74068DE81E0DA4EC3A1091B9FDE210DB7F95B79BEACAD57EC68D05CA5B430496C8D7D8F19DB6440F2B55DED66D25D18E87CE9EC7202B31FB13122B5595316EA5D2E7BB8D2458756BACBB0799885E234B2C545664B0812437F1790329ACFD34567F44ADAA09A1C542EDEBBD2E63F7B08AE0811F6F918E958BE2DA85D09E9E655BEC215FAD74DAB5873144C797BC35BA2269D5589AA881D0C755435F43FDA63AF9A863B53A6DB52C5817CA0FABA5849E61750DB65B2FDC10740DE5176B5D70359CFDB4D62731080A8CA543D9998D2C6B49C819C00632A9D8935C78E9C5497A0E52F008F031D0991B70D98491A92430A84432C127DF8855A45015C07F1785E4E40A8240BE2C7E89EA17E0A540EEF754AF9294B4306F06F0412C6743388BFC2C08B9CFAC47CAB1689A03128E4E514764B80C041A5649FA9835638108B54ED4C7AD990944B875228FBB5A328DCBADCC382FE296CDB4572AF92C350E0FF6DB6669D4C7775B4ACB7DAE6224A0FD4DCC70D08644320D9058E47775B47AA78784926EFF74D5AFE013E06B587CD7441300CDC81FCB997CA0270A4314051F94941BBB95C9A7F71C54F95D1D8D55A8872EFC104E7CD6C4229EC67380449AAE86E57B2E5EC732A1979632502A5513B978CECE41169F35B1CEB98180F8AC89553F59E7E0EA147544EA5D3A094825A8E3116FCF4934E2B33A56F3BA9C846ABEEAD8AD785D4B5BACF8369B1154B61ED11A403BD6BE0A436927C238C3972054D40E11F59A59EA76F5236ACAEDEAAFEA48FCE0A93D64D24FA0A98AD149EA98CD436712AEF9AAD966C47359AEF188347554FA45338949A76858917EB64C59914ED2D0927C9C4C294926F4C29358549C435D02FF1C9944E753D591050F93496841720F6C81CE6C9A3AAAE0ED32092C48D6EB5F7CCF6FBECE66C2116CF90F9C7DF8B328FDF94701639C19A8BAB5C4B69A1E0AF12C94DA48683E6B62950F3F39B0F2FB2CBD497A7AD3DB9B8A23C861DE24C1908F3CD4834A7AE0697D052AC7A45E4952837BDB2B51399E9ECFCEC033644756BD1D233F001EE6176288718789EA1E078922BBDBB1B38633DA58031B4AAF9186CD04EA71FB2E37DBEA0B0B26F6DC6460AA7B6FF2F2AD7B19D4E3366E3FA3E5F19C3A32BF19214AEF8B4EBE5393CB2073F5959472318528BD2FBA2BDB076AC9D65716906E60F159FACA68DE98C985347926EED8DC792D9BA5965E9FDB32E7B3ABF2ACB49B639F3B3C2DB2D856157120ABBC25290C1638C362FDD53FF33D88573C55866B107A4FC85EC56B58FB70FFE090A1E99F0F65FE32495C5F70D64CBC2B161EB54ECF5EEF611377BED2D566B1E609EBC317103BCF20FE43005EFF4822F626A53782C810CF1BC164C8E535307B11C8F7F0207314EEA3F80FCFDA3EA85D182AEC5C65EEA6F055E8C2D713FB5F799963EBEA1F0F65B13DEB3646C3CFB1B56FFDDB009FFBA09A509CED793DCCF076881E934C4A4F3E8A1BF18CE4838CDF685BC128B911EB412CBB470F5F3636AE8AB9C78743D26C99A654340C4AF2840F4723B9C0717F4F4D71810F524DC0F73D088F38403580C6F2760F6C0592BAF8D1333638B6BFE19C8017A8196EE463873E87B4103567FE19D7EE023760E8A207B981B9814C44FB3C0891A5761E0426A66FEE637E1175F330CB89E89907210A28984DE11931A18C62B90F96945E5934ABA854564CB7DC473529D57277282AEE0DA2CEDA1D545525F3CF7BD655F239F4BE6628E11E598309B19801CD149DA2E044708A9960943099E62ED48A6D8BA2AAF16D3F3EDB614B728EB3768CD578C7E9DE0F49E96A2C28B9E3195B8D61EFD2B5FBD3B4F6709EC9294E773D4CD0C4A75ADA1445A76CD9BEAD3A936543BF591A577A07B374CB31E0AEF932C7DBE41252640EDFD368A1C134089E9A9AEC3BE92C0DA203839B34EDB494060216D3D49333204B13D04DB493514C419136256F4BDBDD468DF860FE34923373B69284A49DA2E4477436D9D5C7993B9B1625E4CC7CAD609569E5ADF9113D4D72456F668EA647F038C0D184CC8B0CE1471F8EC8EFC535648F715505CD8A9851B1B5461A5C28F23142072D26C8FEA49FBB6059FC718915E7C2A5B8CB99AAE356F73CA6A99D9325F2CC356C9BD2447535D561B39C6449108BEB9B27B6FB8817AAC582F4AC264FE4262B169F186E04328854B11C4D0A453983A2085E4206C52273B3362783CB219256FC474662322E56A46059CB0915E469172B61D96B935DAE725A659779DA654BB8EBDA64178349ABE8224BBB6431B7954C7087D02E816AC234E921A5AE3B5706498A67AC8383B46BAF47F2844A4C3C3A67C2482346A1FAA3E4BDA179A38CC50F69C424648F15BFB41B6E90D1F8204D19849AFC0882A2E155374EFAA8A8AA7C3543946C8B0F6647E928745291834EE2EA1A148EFCD31F14B722C37B4171F68062E7C4DB34102B841942878A58EB3C57E1535405CE8C465516E6D0E41AA6C045E1EC699C7A4F28EA44C9F87252FE3F78E5173EF015B947E85E85B759BACD525465183CFAD44D091C80B7C9CF792A699D57B7F9895262A20A484D0F5FEABA0D7FCD3CDFADF5BE141C7F4A2070645F1E26E2B64CF1A1E2E6AD46BA894245A0D27CF582E41E065B1F8125B721BE08D94737E47E1FE106386FCDD51119487743D0665F9D7B6013832029319AF2E827F2613778FDF9FF486C6D0E8B960000, N'6.1.3-40302')
INSERT [dbo].[__MigrationHistory] ([MigrationId], [ContextKey], [Model], [ProductVersion]) VALUES (N'201810011905574_add_store_requset', N'MegaProject.Migrations.Configuration', 0x1F8B0800000000000400DD5DDB6EDCBA157D2FD07F10E6A92D7C667C6982D4189F031F3B6E8DC676103B077D3368891EABD165A28B63A3E897F5A19FD45F28A92BAF1249511A25C84B2C926B6F6E6E929BB735FFFBCF7FD7BFBC8481F30C93D48FA393C5C1727FE1C0C88D3D3FDA9C2CF2ECF1A7778B5F7EFEFDEFD6EFBDF0C5F9ADCE7784F3A192517AB278CAB2EDF16A95BA4F3004E932F4DD244EE3C76CE9C6E10A78F1EA707FFF2FAB83831544100B84E538EB4F7994F9212CFE407F9EC5910BB7590E82ABD883415A7D4729B705AA730D42986E810B4F165770033E26F13FA19B2DCBDC0BE734F001D2E416068F0B0744519C810CE979FC3985B75912479BDB2DFA0082BBD72D44F91E4190C24AFFE336BB6A55F60F7155566DC11ACACDD32C0E35010F8E2ADBACD8E246165E34B643D67B8FAC9CBDE25A17163C59204367C0CD160E2BEBF82C48703E917D9755A93D8748DB6B9C01F90CFEB7E79CE5419627F0248279968060CFF9983F04BEFB77F87A177F81D149940701A91E5210A5511FD02784BF8549F6FA093ED24A5F7A0B6745175FB1E59BD27CD1B27697517674B870AE912AE021808D2F1096B8CDE204FE1546300119F43E822C83096ACA4B0F16D6E4946044BAA5C87BFC572D153921EA4F0BE70ABC7C80D1267B4266062F0BE7C27F815EFDA5D2E473E4A3EE870A65490EFB8455F5BB7F1F023F984CDA6DFE805D60327957304DC1C6B635D7ABB67BF4741A345ADD87B82F68779CA6E4AE3A8F5BA8E01BF49DB6E4545DE7D94F7D54E2DEDF8EEE5A85A6FDC3425F57C716F2505D47D7B710A5A9ED3578F63745C3882ABF703EC1A0484D9FFC6D3979920E7B5FE5BA48E2F0531CD0FDA04CBCBF8DF3C4C5958F6539EE40B2819961C7AB34D0EA7245995D75B6C6AB74FB9AA23BDAEB6A45F1221C1ADD75DB6A09441C1CBEB3D59B2799700B4937DF90D9A713779D870F3099B26A130AFC106FE269249D13E334FEFF9D8F1B5073C82F904E3D2F4121C9E86A9FFBA99BF8DB722D30B2AC3C45136F34854F6F419A7E8B93AE51C156AB832C6F5AE9D7184D51201A306D9E6EB768922852D0C232114EA0E5ACC7E56C275161066E2215E71A3499723A694DAB4CE95D4DB02673AB95F9477398E85B8F1DBE79BB3B0767FBE3531CC1FBEBF147E169664CF08CC3A1898618DC17B088D105150E85D6C38F7E12426F6893D7F6F91B489FC66F11E8E6091A8B90B786E32FEC3E626F9E28802164596B9ABB6FF10570D1F0FF3EC2A506E37D88DD2F719EBD8F3C1CF37CCE5C3E045204B0A2CEA9EBA2C8E9023933F4CE0CD6B482FED733ACA80EB5C661C15900FC30154603EC045E676DC301710E2E1E90641305045DAAA260DB8FD454ADB3CA552D73F4AA5A65D3551583A9695AE5942B5A64E8D5B3CC3528C4AA17DF18AF68A1CE20ABD9C53F4DB7D7305BD6A59725EE458230D120FD65C9C1A2E84BB5701B9B1DAAC66647070F8F47EFDEBC05DED1DB3FC3A337D3C769E36F7F6053EE222E2C9A6F9280A190F41B08F29D6D9B936E5B0C02F67B43013BFFDE50A8893E3FFB1E8E4A56FD25EACC085E297FEDCFBA7D8ED16CEAEE4055736AE1D38C0146DD05CF45F67B0B469D7F6711BBB2302BAE9089D7EF6AF4AFF59D99C7D9F7B6EFC3D3BE97CDA45D2F7070771187E2647BDF57D9DA389C4FE582704196E12786F709FC9AC354F7960B5576A72788B51246C7F63CC2A4678A8DE449CE126891313EBCDA85E06C8A889E16E94D7836444B06139D7ED152CB5DEA68A2B3C2D6CCD60E0D1BC8D460D75E36009EA669ECFA45EF151FF3D45B4EB47EEF23CF51DB7F2A6D2DD87641964743A08FBF21BDD0DCB76007B79BE81C063083CEA95B5E863C03A90B3CDE5AA86E9EA67EF52441E827D87CA135FC1327180DBB30C1A500DE5A4FD140EE47193F46FB91EB6F41A06431A6B462DC818DD0C86153CEE11646B8724A265151401A62AF1A594C0BF5596ABD223C51CF41AB8D46550760771DE7E6A0CC76A7C441ABFD90491C94B6D80E1C9436C977E7A0E5FEB26AFB339BCD73734F7A975BE29DE5827012E7A4CCB503DFA4EC317BD714DF2E91B57DCF5593B6EDAB7B967D0DDE872CF0AA1EA7DF5F2E0FECF855A74613F855A7ADCDE54FE053FC955F59AB77DCFF6D5B9CBA2CAFEE51F29BC37D7E6A75E034F23DA9EE2AED2EB932ACE57CD28619A8C004DE27D84192B948D776123F8F89E6B091E6D88E4DACE92758B995261805E59650112EDECE1FC511CBD574F1BEC88F60C2477EE70F3811BE88361151C5AA7DC4B4DA52603D0383DFC28C7E118696FCED22BE192DABF778DCC04843143D3CAD8755010C31E8F64015FD5DA44B35BAF614AF7679B9D2DC4CDF83C32DD745A08235BD066C7D85A513B65A8969C056F74D3A51CB0EDE03DA07A404C2EC788B5BB54D67D088EED142CA6E2D1199BBEF37B1FD5779BBA9A95CE367DC58A0BC354460897C8D1DDF694B1858A9F6B67E2B89763C74F63C065989D99F9058A9AE8C752B553EDF6F24C1AA5B63DD3DC844F41A5962A1AA22830D247930C01B4861EDA7B1FA236A554F081D16EA5EEFF519DBC02A827788BC457A562E8A6B17427B7A96EDB0877CB5D26B570363884E59796BF445D2AAB1345103A18FAB86BE96FA4D7DF2D1C46A4DDA7A559243541FD62B098BC4FA0A6CB77EB4215825AA2FCE6D492971F6D3AD3ED7425862AC5CCACE6C64D94842CE00369049C59EE4C10B3F49B37390810780CF7DCEBC90CB268C4C2581412D92093EF946AC2385BA00FE7F5948CE012108E4ABE217A87E215E0A147E4FF52A494907D37B80002472D286B338C8C388FBCC7AA41C8B666320E1E8147544867241A0619DA48FD9102B88509B447DDC86404184DB24F2B8EB15D3B8DCCA8CF3226ED94C7BA592CF52E3F060BF6D974626BEDB515AEE73357102ED6F6222862E24921081C422BFABA3353B3D249474FBA7AF7EE5C9385FC3F2BB269A006846FE58CDE4033D5118A228F8A0A4DCD8AD4C32047050D57775345621035DF8219CF8AC8945BCE0E70089345D0DAB6767BC8E5582919632502A5513B97C75CF41969F35B1CEB98180F8AC89D5BCACE7E09A147544EAF93C094825A8E3114FE44934E2B33A56FB089E846ABFEAD8ADBC4E445BACFC369B1154B61ED11A407BD6BE0A43692FC238C3972054D40E11F59A59EA76CD5B6FCAED9AAFEA48FCE0A93D64D22FB5A98AD149EA98ED7B6C12AEFDAAD966C4AB5EAEF188347554FAE1358949A76858917E5D4D59914ED2D0927C434D29492618E1492C2ACEA12E817F354DA2F3A9EAC882F7D324B420D9005BA0339BA68E2A78624D020B92F5FA17DFF3DBAFB39970045BFE03671FFE2C4A7FFE51C0186706AA6F2DB1ADA68742BC5EA53612DACF9A58D5FB540EACFA3E4B6F929EDE187B53790439CC9B2418F291877AF7490F3C9D8F55E598D4634E6A70EF7ACC2AC7D3F3D9197886ECC8CAD8318A03E0617E2186187798A8EF719028B2BB1D3B6B38AB8D35B0A1F41A69D84CA01EB7EF72B3ADB9B06063CF4D06A6BAF7262FDFB99741BDC1E3F6333ADEF8A923F39B11A2745374F2399D5C0699CB5452C6C514A27453744FB60FD491CD5416906E60F1594C65B44FE1E442DA3CC656136FEB31E9A6E8A9703B439463E281893B6F66B334D29B7367E67C795D9DF5F6FF940177F85B66593875C4846CF29A66305CE20CCBDBAFC159E043BC62AB335C81C87F44D62A1F1D2F0EF70F0E995F4398CF2F13ACD2D40B0467E5C4F36DE151F1F43F12E06313F73E86D6260BE77F17207A0689FB04923F84E0E58F24A231F7BF154486DFDF0A26C3E1AF8169C4D36FE041F698F247F11F9E1C7F50BB308CE385CADC4DE7CBC8832F278B7F15658E9DCB7FDC57C5F69C9B040D3FC7CEBEF36F0BB4F9836A4251E317F5B0438F227A0C33290BFC286EC413BF0F327EAB6D0DA3E446AC07B1242A06BE6C6D5C1553BC0F87A449496DA9681994A4631F8E4652AEE3FE9ED9A25C1FA49A80567D101E71006C018DA5471FD80A24D7C4836F6D70EC7E833A01FD523BDCC8C70E7DAA6E216A41B034AEDD056EC0B0720F72037B0399885D7B1022CBA03D084CCC926D627E1143F630CB8958B007210A98AE6DE15931A18CC9DA044BCA622D9A55542A2B66B536514DCA68DD1F8A8A7B83A8B3F6075575C9E2F39E73997E8EFCAF394AB843D660422C6640B3C55A2938D19C622618254CA62922B562DBB2A86A7C6B461B3C6C49CE51038FB11AEF399DFC219973AD05251F79625C6BD8BB746D73365C03E7999C4976D7C304CD2FABA54D5974CA96356DD5992C1BCC66695CE91DCCD21DC798BBA6251D6F934BC8443A7C4FA3836DD42278666BB2EF650DB5880E2C6ED274B37FDA3489B53D2A09C3A7F9AE8B6D76CF19F0D109183DBAF93EA660A19B921AA7EBFAA84608337FA6CE99395BC5F3D2CD02F3233A9BEC76E9CC9D4D8B757366BE5612F7745203FD889E26B905393347D3E3D01CE06842724B8653C58486F37B710DD97B675541B3E2BE546CAD9106178ADF8DD0418B6CD39C57751744963F2E77E55CE82A773953F55C9C9FC734B5733E4A9E1C886D539A0BB061936C97932CCF6479C314AD741FF05ABA5C919E35FC94DC64C5E213C38D4006912A96A3C9522927A914C14BF8B658646ED6E664703944D2CA9FB412F39DB12205CB5A4EA8204FB75809916197EC6A95D329BBCAD32D5B420FD825BB1C4C3A459759BA258BE9C364827B84F6095413A6C9C02975DDB9927452546E3D34AF7D7B3D92576A626ED73973725A310AD51F254F3AED1B652C0A4E2B26217BACF831E370838C46B969CB20D4E44770400DAFBA755E4D4555E5AB19A264577C303BD64CA1938A1C741257D760C9E45F27A1B81519DE0FCBB307143BA7FEA6855823CC08BA54C4DAE4B98C1EE33A706634AAB33027255730031E0A674F93CC7F4451274AC6F7A78ADF722BEEA4E05B7C0FD0BB8C6EF26C9B67A8CA307C08A8CB1C3800EF925F5081D23AAF6F8A43AFD44615909A3E3E29BA897ECDFDC06BF4BE109CEC482070645F9D77E2B6CCF0B9E7E6B541BA8E2345A0CA7CCD82E40E86DB0081A53711BEAB69A21B72BF0F7003DCD7F6768B0CA4BF2168B3AFCF7DB049409856186D79F427F2612F7CF9F9FF1FCF232B95980000, N'6.1.3-40302')
INSERT [dbo].[__MigrationHistory] ([MigrationId], [ContextKey], [Model], [ProductVersion]) VALUES (N'201810030752315_Share structure', N'MegaProject.Migrations.Configuration', 0x1F8B0800000000000400DD5D5B6FE5B6117E2FD0FF209CA7B6D8F8F8D204A9612770ED756374D76BAC9DA06F862CD167D5E8482792CEC646D15FD687FEA4FE8592BAF232A4488ABA6CE0171F91FC66381C0E297234F3BFFFFCF7ECFB976DEC7D46591EA5C9F9EAE8E070E5A12448C328D99CAFF6C5F357DFAEBEFFEEF7BF3B7B1B6E5FBC9F9A7A27A41E6E99E4E7AB4F45B13B5DAFF3E013DAFAF9C1360AB2344F9F8B8320DDAEFD305D1F1F1EFE657D74B446186285B13CEFECE33E29A22D2A7FE09F976912A05DB1F7E3F76988E2BC7E8E4BEE4B54EFD6DFA27CE707E87CF51E6DFCBB2CFD270A8A83AAF6CABB88231F73728FE2E795E727495AF805E6F3F4C71CDD17599A6CEE77F8811F3FBCEE10AEF7ECC739AAF93FEDAAEB76E5F0987465DD356CA0827D5EA45B43C0A3935A366BBEB9958457ADECB0F4DE622917AFA4D7A504CF5758D0851F142B8FA7757A1967A41E24DF83BAD51B8F2A7BD32A03D619F2F7C6BBDCC7C53E43E709DA17991FBFF1EEF64F7114FC1DBD3EA43FA3E43CD9C731CD1E661097310FF0238CBF4359F1FA113DB34CDF842B6FCD365FF3EDDBD662D3AA7737497172BCF26E312BFE538C5A5DA024715FA419FA1B4A50E61728BCF38B026578286F42544A536082231954241FC9AF862A56423C9F56DE7BFFE51D4A36C5272C66FF65E55D472F286C9ED49CFC984478FAE14645B6477DC4EAFE3DBEDDFA513C19B5FBFD135181C9E8BD4779EE6F5C4BF36CDD4D8F9E4983ADD5E396CC05E389D3B69C6BF204250B91C5DCE95A4E35753E4779845B3C46BBD155ABE4B4DF2CF44D7522A110F775747E4B5286DCDEFA9FA34D393050E757DE471497A5F9A768572D9EB4C23ED6B5AEB374FB318DD97950153EDEA7FB2C209D4F65351EFC6C830ACB8957736034E5CA36734DB656AB4CE79AA63ABA9B6A65F3723B34BAEA76DD02481C1D7FEB6A364FB2E096943EFC8AC53E1DB9DBFDF6096553766D4282EFD24D3A0DA52BCA4E93FF1F2232808626BF44BA08C30C6F494667FB2ACA832CDA55EF0223D3DAE778E14DA6D0E99D9FE7BFA699CA2AB81A75BFD8B7A3F4D7142F517E3260D9BCD8EDF0225196E017CB0C5C40AB554FA8D92DA260056121856B0D5A4C059E8C9655AEF55C0BACCDDAEA64FD3134137DEF63C75F7F339F82F3F3F1539AA0C7DBF1ADF0342BA6FF996C87263231642E1012A3132A150ABF0F3F47D916854387BC91CF0F7EFE69FC1141C13EC3B6086BEB76FC17BB3BA2CD136D60285ACE86E6E1D7F4DA0FB0F97F9B905683F1DEA5C1CFE9BE789B8464CFF36311885B204D0027EC5C0401DE395D636546E1A5C53B2D30FF7ACC8AAEA9B5DE165CC67EB4CDC1DD00BF803755BBED005C43D80F48AA411B0215AB78B31D257AAC3655E5AC56357A59ADAB99B24AC0F438AD6BCA192D2BF4F259D51AB4C56A5EBE095E3942CA4D567B8A7F91EF6E5171D0B43EA870AF338C898DF4CF07022CDE7DE936EEF666C7BA7BB393A3A7E7936FBFFEC60F4FBEF9333AF97AFA7DDAF8C71F449473EC0BCBE19B64C35052FAC98FF7B31D9BD36A5B1A01F7B3A1845DFE6C28D9C48F3F4721D995ACFB5B349531BC56FD469F4DE71CC7D9D4D381E9E6D4C4A7B10156D385AC45EE670B415DFE64815519AC4A3A64A3F57359FF86DF85699C7B6DFB3234ED4B394C9AFB05874C17782B4E8FF7635DADDB878BA5C2261CA832ECC6F0939FA1C71F22ACCAD9ABE9CD21DD76B61B449A09AB6B7B1161B23BC592723F451D9486FF8BEDF0430216D1EE1A487E974EC0E1AB00866C5D8FBA08108BC56B00A0CEF0F961332FE69D0FF6F3607AFDBF4378089382F257BA4241B4F5E3957797E1FF6A474BBC52DC073EE1C356A127798DAC48B99B859798B20B1C8B596CBA88A471687C4D46379D7909297918B2827400534DA0293C450C57472DB44A52D35C6FD11471CB5FF6EA378A11A84E76B9C65075BC6C6BDDE5D3F45557FA8A7AB2251DAE6C7A48CE6D77FBFAC05597F480DB74A8F867AB0EF7F57BCC1056E8DCD43F9D693BABEF5FC3849DDD151026F5066C294FE205C4924C89DBD91C848B4936510CC97042AF2E96B23F91DF1A4BB5F22F4926F2F2EBC4ECCCDDAF85CC2DFC6D6406F022CFD3202A672FBC243597C52C7F6F93D0D3BB39AE640D5C9862C96313189167982FBCB15AF1C6ED437285625420EF22A83E63BAF4F3C00F4569E1BE8586FC358B04C51F706DCA72F827813036BB2823AD7CE2149363431E258568A3A32488767EAC2531AEB5E6892111424B872FB9423B9490CE6989448701E9E1F8BAA5C58D509FA4CED694269A2968ED22A0AB00BCBFC0D2149473549028687D93398982B2129B414159917C710A5A7986E88E3FE726B234F564FD5324DA595DE54CA29C8CB866D04D461E8B574DD82F5C36F63D4EE2DDD8D75F48F50D781F32A0553D4A7F787070E446AF941C4DA0574A59DBD39F40A7C48FF564A3AEF872AF1B71E633577D8D927FF3D7A7A74E0DA795EE4979D71977C9C77E46CA271D98810C4CA07DC0DDAF4C455417C1E23A06AD6123ADB18AEBE7E91758B99426B0827249E810871D71A65A5A817B56E9F2A7BA74A5CC157B506AB0BC2A2E6C79FCE5994305F75AF64872576BB61CCB4768280FD3E9227C65D0A3343DF7078276D6F793C6CAA9BE7A98650BA8C1D8143B418D7158F4865071D9A3A513929B1FC79A075F1AE95ADFC558494567F40D95DCD1CB5E73C15174C592732DAE4EC7CB483F518232F124E7EA8914A217E85210CFCCFA5E30AFAF08780D24E0F7A8A861EBD84CF9CAEB0EE5DBB79F3A3296A0C42C44B963CF9BD72400867A89EA812AF7EF102FF5DB524FF3DADF52682D98ED1E1CE1F81D0205CEE80D609B8FC994B0F5C9AA016CFDE59712B5DAB0F780F6016981D0D32782C795356C3A7852185D764A9BA060A6B6E53AAADADDCEC31ADB957368D4D4EF2065DF465295251FFC411763CAA353EE6AACED5C3B87043BA77D8D456141F3885F8158495848A99949FD52826E674CEE67064989BB4B9148A9E98C7329D5F3B95F48C00D81C11DC12011B1E7F91209D51D192C2049581251401AE7D40627D554AF9AC54E2121F5D9749FB02DA402443B1325D273CAAA79CE4A71CFEE2014F2909FACF6CAD54218D0B71CA234FA4EFD74CFFDA81E803AAE7B4C37F6BC817CF88159D37704A57D08458F2CBF9F504D1DC5B9130FE9502E12D748A98034CE45CC4F464491357B9E7E81A9CF424630392A7FCC1EB1295EE84D5FE9878B0C7E89D7D75E85E81A8FA9F69DB02D3B5B57E1A0EB07676B49DCE8B3F7FE6E17251B2A8E74FDC4BBAF82485F7E756F1E5D795B61AC03C6E6F16FB02D25DC717F83B85262D543741D657971E517FE934FFCC52EC3AD500D7C03966CD21B92DC4BAE3894CDAEBD6940FEAF1AC9A33E03470775F36BDCBF2D398428D720668593B4F448406F3FF6333E584117A6F9328DF7DB4478CCEBA51C8B8DBF4CC3B125FA885C906580C3A6C81CB30DA50CA1B685E6B86DC86408B72D1471CFD6DCE00A2740821609876CAC566AE92CB3271AACB7DD118C8DEE2A5ACB75AE0995CCEA1B1C7A5985448740A6B1E8E7FA68ED0D310D25BD36EEEB5FE5512BF6B07A6E8806002D481FEB5DF5404D045F17347450D26EEC51A663020B50F5737D349E210B5E44134E3D36C4A262F60A805499298775A03991C7BAC08A4B1928536A885CC5D91520ABC78658578221A01E1B62B5B17405B8B6441F9109984B033205FA7854505C1A8D7AAC8FD585BDA5A1BAA72672AB3E436025563D5B8C05959D0D1819D09E37450D53DA8B308EF902B68AC65B44B36196AA5D1BDD9551BBF6A93E92683C8D4D261B9B95E9185BA48FD94560A5E1BAA7866346C5F114068F2AD3476543ADD2986C898114D978AA8C14D922032EE9A8A90C937481159E44A2700D7D0A629C541A5D2CD5470622A6D2D040B10536C0335FA68F0A0455A5818162B3F925CEFCEEE962161CE0FA6DE0EA23DE799BAF3F1A18E3AC40CDD70EFCA899A150F12A998384EEB121561D915200AB9F2F529BA437A9D6DA54B93A0CD3260986DCF230911E59C3A30C4F29C764C23732C65D15BE528E67A6B30BD00CD9F5B1B562948E26C3F4028618D74C34FEDF348ACC277CB681733A580307CA6C9086AD04FAFBF6B90EDBB8ABA2A1A76EAA7B329DD337757BE9B65CF09E6476E6BDBE957DC830A20D121F5B4FCE6753C39602705004942F4B11DDE89FADDE99EA9B3BADA0E3D6898874A929B2B87FA49F9BA2C9B5D6565BAB9874225EF5DC144DA6F34BD4F5F6DEDF8DC9AD7C49AD2DAEA4798FA9E9C2D401764616044F853BF0E262E46580093627EDB1F1C91C1C564E8ADF55B1A421390584AB58D290AE3E74F1722624E342EDE2E65106A67B03296FAFBCD161229809B73A8A0869FAC8E2950C546E8B4E072393D3A06BD9522AC4951128B7450F65B7618A6AB6B47CE9359E58C5964617484C4EA4AB632D35F872932BB745CFC14B1DA8C6C48649F0BAE3ABB4D4EB27EDEFD6EBAEF678635CF14AA910C7BA521A79ED7DC7BBC055554880E4EADC08CBE4352FD0F6805438B8FF25BE8C2344B6764D85F77E123D636955211B57C78747C72BEF228EFCBCF29CAC9DFB4EF92FC6B4BCFD8E4E88B71F0AB76BBEB9B9CF2041C9F390F1258232CC030E737A6127A53E72FDF126A9A6D5A73C111171A98DAA5092C649D269AFBB8A50F2D9CF02BC16FF61EBBFFC9146D4CA6CC4FADC39446CFDED1C62B6BE76C698DAA153A52E6B7A1A247353EB57A0AEE588FA437BBE391897D62F8A6259F8AEF42609D1CBF9EA5F659B53EFE61F8F75B337DE870C9B9F53EFD0FBB7C54CE8BCE51CF424A063B297FD7014FE1C0825A41F01D7C6104163E25A8D68273607C2EFB86D60B4D488D7203EBEB9852E3BB3ABBC2B9C2B483619AB2B161D83D269E887A3D1C1CAC97C2F5CA59A1FC41A904E7E101EE506E7008D4F0B3F7014E848BD4F9133E3A88EE93241DAA9CEDCC86D87798A7210B54C2C35AEDC0135E0B2910F520377860CCA2A3E08B1F3507300066707B7113F94197C98E4A0ECDF8310810CDFAEF09C885096C1DB064B9ABD1B5A55743A0B67F3B6614D9AC9BB7F2B0ACF0668B2F66FAA9A96E5E337DE4D5E1D4D9F7A0F581ADC168B3368AEB275027E5D53AC04A36C93D9D498467BDBAAA9EEFED62E5DF2B057722125F2186FE33D3E5ABFC98CC1CE36257762426067D873AAB67D16600BE59106BA16ABBAC9A03BB79960F3EA1A7153359D72646D477521AF0D76AB34E9F40CABB42A06E2CCE958C739E46ABD7F0C4F37EB76838E3761D731FB3D21E42A6674A4629815D55A3D5C64271D511DEE8484A4E1F8094987BD3332EE5C4335884E396A8F32BAFE81FE4FF366FC1C4529977172AEB2CADA06B36BEFC2708A59441D4C2249A65077C84E0FC500FFAC91669CDCBF69EE6C8FE3DD7E81091E875F762892383A042F9C2D2E72E727E7E8BEC3DB1B999F937B9138BBBC92244EB4BF8E719D34710169BE80C0CA144F33A5469C32E388EAEB5A83B38DE527405C98B2D5E1B625CA36619AC3A9954DF6F1EDC295CD2899E1C274AD8A9F2E51B5E972164EAD69928F4417A668F750D8E531140D4C18C3857FB6C96EF8A5A8862C1C9C2EA145A514D41CAD918C0B936683E2C12887A17DBACA39F203FE7653022E250BE09C2B554F5C81652C535F569ABF8933EE4982B10FC92B689F9E6AA67C7DBFD9147D23EE7AE8B37FFB5C6B5FCC1E48FDA5F882B642F6C9F44C27FEB8666816CDB2B50A23E4C3FBD252DF89F901F801AEBFE16CEBD789EBBA23D376335C97549F579EAFC227725E5C9DBA5EB6A9F004D3C4E3535B6A8006550AD3314C8827CF8707C1DF1760FA1B1E59B0D1020DA10644ED22DFDDA202CE05C293048E6E05A2401D3559495E3115EDFA244F49BBAEA3A62DC9D6A5A25D6D9895A4AB2A6ACA70361F19E11EA27D04F58871065D5459B61C545DB68A0E417932402901EDAED4CB81AC2775B1A223A3641294CEF9A5261B6492E00865C2AAA2BC08A290FAF36F2E39B7A013A130864C120ED3BD50C64A25E84424B4A98303410E17087C3CEC2075A02B8130BB062A7FC6F0AE3BCF0FA8C9AAFCA8936AA9DA582D2EFB1FA8A49082CEABEAC011939B6C7F626A34B54A43BB0B2038A5B32E8F9DC8CFD95C07F62A620839C76219354D9FE9188F2A0E83D47B62B01FFC268C2D52B4AD3C76F03B791E6D3A88338C99A08079076EEBDC24CF69F352CE71D454E1FC8BDEA3C20FF10BF2455644CFF83D161793CF11A364B3F2CA4FBCC847B14F28BC493EEC8BDDBEC05D46DBA798112779A557D12FF30BB23C9F7D285DC572175DC06C46C4BFEA43F2D77D14872DDFD7803F9404829C15D45E82642C0BE22DB8796D916ED34413A8165F7BC4F180B6BB1883E51F12F2E9B30D6F782EBF431B3F78ED3E169381F40F042BF6B3ABC8DF64FE36AF31BAF6F827D6E170FBF2DDFF01D9D9D2EFDCCC0000, N'6.1.3-40302')
INSERT [dbo].[__MigrationHistory] ([MigrationId], [ContextKey], [Model], [ProductVersion]) VALUES (N'201810041855163_plazaandmarket', N'MegaProject.Migrations.Configuration', 0x1F8B0800000000000400DD5D5F73DCB6117FEF4CBFC3CD3DB51D4767494D26D548C92892D5686ACB1ACBC9F44D0391D099358FBC903C476AA79FAC0FFD48FD0A054990C49F050880208FCAF8C52280DF2E168BC5BFBDDDFFFDE7BFA7DF3F6DE2C5179CE5519A9C2D0F0F5E2F173809D2304AD667CB5DF1F8D5B7CBEFBFFBFDEF4EDF849BA7C5CF4DBDE3B21E6999E467CB4F45B13D59ADF2E013DEA0FC601305599AA78FC541906E56284C5747AF5FFF657578B8C2046249B0168BD30FBBA48836B8FA83FC79912601DE163B14BF4B431CE7F43B29B9AB5017376883F32D0AF0D9F21D5EA3DB2CFD070E8A83BAF672711E4788707287E3C7E50225495AA082F079F2538EEF8A2C4DD6775BF201C51F9FB798D47B44718E29FF275D75D3AEBC3E2ABBB2EA1A3650C12E2FD28D25E0E13195CD4A6CEE24E1652B3B22BD3744CAC573D9EB4A82674B22E80205C57221D23AB988B3B21E24DF03DAEAD582297BD52A03D199F2DFABC5C52E2E76193E4BF0AEC850FC6A71BB7B88A3E06FF8F963FA192767C92E8E59F60883A48CFB403E11FC2DCE8AE70FF89167FA3A5C2E567CF395D8BE6D2D37AD7B779D14C747CBC50D61053DC4B8D505461277459AE1BFE20467A8C0E12D2A0A9C91A1BC0E71254D890981645093BC2FFF6AA8122524F369B978879EDEE2645D7C2262464FCBC555F484C3E60BE5E4A72422D38F342AB21DEE2346FB77FF6683A278326A77BB87520526A3F70EE7395AFB96E6E9AA9B1E3D938658ABFB4D3917AC274EDB725F9327A858881CE64ED772AAA9F325CA23D2E23EDA8EAE5A15A7FD66A16FAA97120A495F47E7B72265C9ED0DFA12ADAB81813ABF5C7CC071559A7F8AB6F5E2C92AEC3DAD7595A59B0F69CCCF83BAF0FE2EDD6541D9F95455E323CAD6B8709C789403AB2957B5D9D7646BB5CA76AE19AAA3BFA95635AFB643A3AB6ED72D80C4E1D1B7BE66F3240B6E45E9FDAF44ECD391BBD96D1E703665D72624F8365DA7D350BA64EC74F9FF8F5139809626BF423A0FC38C6C494667FB32CA832CDAD667819169ED72B2F02653E8F416E5F9AF69A6B30ABE461D15BB76947E48C912859201CBE6F9764B1689AA841C2C337001AD573DA966B7888215A48514AE3568319578B25A5685D6FB5A605DD6562FEB8FA599E83B8F1D7DFDCDFE145C9C8F9FD204DFDF8C6F85A75931D197723B34918929E74249627442954291F3F063946D703874C81BF9FC88F24FE38F080E7619B145445B37E31FEC6E4B6D9E6803C3D0F236341F7F4DAF5040CCFF9BA46C3518EF6D1A7C4E77C59B242CF73C3F1581BC053204F0C2CE7910909DD31551661C5E389C6981F9D763564C4DADF3B6E02246D126077703E202DE54EDB603700D693FA0A8066D0874AC92CD769498B1DA5455B35AD7E8659556B365B50433E394D654335A55E8E5B3AE35688BD51CBE4BBC6A84B49BACF616FF3CDFDEE0E2A0697D50E35E65049318E9CF07122CD97D9936EEF66647A67BB3E3C387C7E36FBFFE0685C7DFFC191F7F3DFD3E6DFCEB8F5294FBD81756C337C986A1A2F4338A777BBB3667D5B63202FE6743053BFFD950B1493E7F89C27257B2EA6FD15426F046F51B7DB69D730267534F07AE9B53139FC606384D97722DF23F5B4AD4F94F165895C1AA65875CB47E5FD6BFE177261AF70E659FB1AD2F40DD685FF73F3575A7E74CA6E954BB0C4A72927B0F4ACBE54AC858616E63F44F64A92F559B7DA94B45DC495BBA96132B4B3FC99E25B5627C1295AB49F9BE656FAC1270F2AB093615BA031FFB5D3AE771855E8E77FE57E797B132BF94CBF77D5F0895DB0BF8EA821DEF7B5AAD5363B9545266A0CA300F8B4F28C3F73F464495B3675B4F0BB6EDDE3C2E58269C2CBD8C30990F464579A8C1E7F93FDF0CBF54E511DD9ECDD5BE472538FC74CA91A5F5988753B9587E3605EA0C9F1F2EF362BFF3C17D1E4CAFFFB7980C615230FE9D97388836285E2E6E33F23FEA984E568ABB00957CB82AB4BFA9714106DA078EC3D4B2B5EC691C5ABFF5B34DF76CD72B1E8698F50E602AAD9EC2DDCD72C93242AB2535CD1B3D4B91B4FC65A7BF161981EA641E021C55CF6BA99143124B5FE797A4A9A75A67E1CAB62F7DC21EB4AF0F4275450F849D808E7FBEEA7087E5FB0C1385CE6D2FD6B8B67B75606E9870B3BB12C2A42ECD2DE5495C19799269E93BBB0FC2C5140F8A3CC97042D7549E329AC8F996A75A3BC92513B92A7762F6E6B3DC42E61E6F88CFF33C0DA26AF6C24B52E3F1C2F3F726091766EE2FB5AC01AF0F22796202A3F21BE18B6CAC96A2717B9F5CE2181778711ED4BFC5BC40798042595AA46FA1257FCD22C1F007F87EF01CFE49224CCC2ECECA56A8F4ECCB89218F9242B6D15112445B141B494C686D788D570AA1A523965CE22D4ECACE1989C48401E50BDFAAA5258C509FA44E578C26DA2928F573325500D1E9696E0A2A785B291494BA634CA2A0BCC4F6A0A0BC485E9C82D6EE6DA6E32FF8BACD4D3D79273B8576D6EF2B93282727AE3DE826278FD9AB26FCE316D5D8F7FCD2A51B7BFA33CFBE01EF4306B4AA47E95F1F1C1CFAD12B2D4713E89556D6EEF427D029F917C7AA51D7FCFCB81B71EEB7FAE61AA5FEE1729F9E7A359C4EBAA7E4DD64DC15BF58B6523EE5C00C646002EDE33C0A54CA01BB17747A41DD62CCB50D744960001B0F87B9691AC4B7C9182BBDB6ACD40C1A86C1D427D031E0D15FA5183A0F0079AF04ED9346DAC769FC0EA6DFC4A9A534C14AAB96840971D86375AAED1BF0C0AEDC62E95EDB992591BF8CB7D8C2695EEA45FCF919420DF7466B9EE291DE6ECBA71EA1A13C4CA78BF0B3548FD2F4BC5149DA49DFC0AD9553FFBCB59763860163539C360CC661D6870ECD83A2914E285E173D6B1EFC30696A7D676325359D3137546A0F3F77CD0547D1174BDEB5B87E81A942E24509CEE4DBC2CB87B2103F410FCF6466D2B7E79C3E43891A5882DFE182C2D22086F972D13DFCB4276C1A425252621EA23A15E6CD511C80610EEA3D50D51911E2859EC87B9A53475BA9B564B67B70A4271E08147807B2806D7E75AD85A5B7F716B0F427D25AD47AC3DE035A9FA520A8E6CCDA03501DE2A0F6F410DDD3BCAF23469D60A76F04EB156F584DF09430A6EC543649C30C5D4B4CA64AE78102CF98AE5C40634C4F07A90A62C054862714F8F8AB7D1E109E7FDBCEB57358B2B3C64FB50C16348FC51590978483949A99DC2F25E80552DB33E10D72909484F74285949ACE7897129DCFFD42025EC10C1E9ABC88887FB35248887664B08014F1C3640119BCC558BCC630BD6A165B8D84F4EF2F7DC276900A1096549648CF4B82E15B02C33DBF83D1C843FD7AD02B570761F0BF8293E5A0BED3EEBFD566F86D566A4DBFC17B6C06A2DD2D0CEE33F4C329B9E77D37ADA677AD4C17C0796D7A353AB6AD807E3003588ABE6B3FE38B3F569BC53D94CE5C68EEFA44488F7251B83C2B05647017657F1B258BACD9E7F50B4C7FFF348299D5F959F7884D7389627B8D325C64F0C589B9F66A44D77842B6E7F0B6EC7455E7AAA01F4E578AA416A7EFD0761B256B26C905FDB2B8AB335C5C7C75679FFA615363AC02CEE689B7062D25D271B4C64269B99285F82ACAF2E21215E801957EA017E146AA06DE3A280E260D49E162411ECAE6A4D23428FF4F4F9DCA9414C0750D6D7E45FAB7292F7EAA75975BD5152D1765B61114A34C8CA4D4E590B848E3DD26913E8B7AA9C6E29343B0707C8939A2900102E0B029B2C76CF33C40A86DA13D6E9BCF01C26D0B65DCD39530B8D2AD9BA445D2C526AF95463ACBED0307EB6D77EDE5A2BB9AD66A9D6BF238F0FA06E785D021B1F919582CF6BB395AEBF9C14229DD41FAFA577BCACB3DACBF5BA2014033D2477A9218A889E011C9400715EDC61E653661810445BF9BA3890C39F0229B70E6B325169350400264CA6C39A45170651E698113972A50AED412B94E022041D69F2DB12E2543C07CB6C46A03FD4B706D89392217CD9F05E40ACCF19888FD2C1AF3D91CAB8BC9CF42755F6DE456FFBC889758FD6D36165475376065407B4E8A06A6B417611CF3056C15ADB78876C3AC54BB36F43CA776ED577324D9785A9B4C3E703CD731BEC81CB30B0FCFC2755F2DC78C09322E0D1E53668ECAC7816731F9120B29F2C1DE3929F245165CB221DD3926D902273C8544E11AE614E420EE2CBA5C6A8E0C847367A18162076C8067B1CC1C1588F8CE0203C576F34B9EF9DDD7D92C38C093E3C0D547F633B05F7F0C30C659819A5F3189A36687C204D3E62E12BACF9658345CB60446BFCF529B94AFC7CEDA54BB970CD3260586DAF27061A879C3A38D9DADC6BC65634B73C65D175B5B8D67A7B333D00CD593B9B36254CE35C3F4028618D74C343EF72C8ACA0F7F6F03D73C950E1C2EF8D5D76090540D5542657E54C3CA55F35B9B5E2C7921E70AACF1A0238A50349BE1A78FED0347BFF6A1B31F7C453BA5656D6323736655116B792A2D62031FCB7CD9EA101FDB58C69B9D0679B5F6032DBD9D951FB695343FF8EFEBB65E786B1E7A6DAF7B6837B9BED7B7579EEB259777EE68DFEB10DF870C23BA20899170D57C36355C290037CD40F9BC14D18FFEB9EA9DADBEF9D30A36CAAC8CC896DA22ABF5CC55BFEAF0B2325EFDDD164DA5A573D4CED6D5C78F91AC5DE69D6DA4A2798F71E822CE02964115CF56873BF0AD7264C3CDC58D55F6D8FA321E8E10ABC4EFAA38D2505CFCC3551C6928D70BB6783E1392FBA5C8D009A903339991FAF6DA475C2E18A9F490AB09766A8E9CC8DA0F94BBA2B37145D534D85AAE940AE932152A77450F550FE09A6AAEB490F2E55EAEE24AA38B09AA26D2D571961AECCF2094BBA2E7E03B2E546362C32439DA8A555AEAF44BFB77EB684B9D5C39EFDB4A2AA52F6D258D9C3ADC8A5EAF75953201417D554C64F29C177873505638B8FB25BE88235C6EED9A0AEF50123D1269D5D1979747AF0F8F968BF3384279ED2C4DFD794FC41FE61A39F81E1E970EBE38DCACC4E6F66EC2254A9E879CFBA01CC71AF491358B20AD748BED0F1DCD34AD7FB1189522AEB4511715DA321A2EEF685B134ABEA02C206BF11F36E8E98F2CA251A655DECDD62362EB62EB11B375AFB5C6348E82AEF45235D32095676ABF02752D47D41FD6D9D5C3B8B4AE900CCBD2CFF7AF93103F9D2DFF55B539595CFFFD9E367BB5789F11F373B278BDF8B7C34CE81C643DF42460D3AB54FDF094C904880A681ECCDEC5104163E25B8D58BF550FC2EFB86D608CD448D420315589832E7BB3ABA2F7AB2FC8C661C82F8B9E416BD7575F686CDE9172BE17CE61E4CFF9E8FB8358BB9473080CC2633C5F3DA075CEAF5E46810DBAFF1079338EFAD05913A475ECCC8DDA7618A917B87D9213378E2B77400D5A67540F6AE0CF90F11EA91E103BA7540F60A247AABBF8793F541F92E3BD503D20725EA87EF1BC8850763775C702FC4BD5AB8A496745BF5277D6004752D3AD283C1BA0C9DABFA96A5A569F5F2DAEF3FA6AFA64F1914843D86209066DC83AD0E3CA39C54A30CA36B971F772D8DBD64D4DF7B746DC30AEA53E8EE48C6FE978A7F11EB74C33CDE8F1C28452AFEBBC2C8D131BF4EB9FC099E74D09D70BCFD8FB546D27ED91DD7ACC944799B342AE0AFB65F66BC1BCCC44D30B076EEAA6538C2C18F4DE683C95EE79FDE3C4341D71D1E0FC463D186AC16BD4FB210EF0BF341B0995CF65FF40742DC71F87C8FA76B36D38E87E93F5FCF4B12FE71C3FBD2B81DA79F2451DE3DD76CD65A7F7B06BD6857EB64953ADF49F31CE532DE5721EE7D2B9F59FB37C6DA0ED064D47D8F9D2FD8C06395B5A5D71DAA989BB7AB8ABC524EAC03A3F52F9E120DAA0B87CDE26FFAB320F2F0F892928FD0948B16B8A715F435EFB410E45195D614007422BB3A2F21634B62A1DC0885A348FA7279D1935B6705D7B1F968E757DF47173093B3CFA46F67AAB0C38388E34E3D40E82FBCE7C3EDEF33198EC7CF86BA126A1B947F0C2D7359AC67BD03B3AF2F8FCA97214F42F126FAFBF8A24E2EEA720DF09C46790F2164800C1F0B4A734E1536646D345A4B0B81C9C7F32F099291B4D0BA250B609537E4FAD6CAA8015335736ABC4DE33D3B53ACF8A42D5A6CBDF3DB5A6297E173D3345AB976ABD679017450313DB0969225C327DBF14D5508550352534ABF4DA86A3359271E1D281313C58E5F3764FDDBE8F5CD9BF95F4D84D261266D42648602D64217149C8EDA42ECA083B16EFA4561AA30AEA62496FBE89AEE792DB7A9FFB9A9EC02BF3D8D4BCACE4D513E79156A4BB19922DDB3DE9EA9EB250FF66134F8FB847665F8ADC3308BF981DB33E30C78C36CEEE29A26D27FEB866682F9AE56A1546C8F2FCD2123ACB1998C401A63F996FEBD374CCDD057B7B74A225F5AFD9CF96E143F9BA50DFD15FB4099E25D324E23307308006530AD3B14CF3ACCEF20CC15745FD9D906CB44443AA01513BCFB737B880B3AD8924818B7E892850474F5691AD56479BDEFB6A69D33A7ADA8A1CB03ADAF586594BBAAEA2A70CE74B140937674E895C5300115165A814C1E98952C2A6DF2168387FA6525E3DB2EA9393998C8475489E697C3938E3F82A2604D599B195048CBB425731554F68B1A623A3A4D5569AAAB966DEE6B2234A65D262A87DED64908052710733E344DB5E84C2D95F459C74FF42192BAFB61791B0A60E8E103E5C20F01B88873CDABE04C26D7698C46AC3BBEE3D59B621ABEAFB7CA6A56E3FB8B754D8FCD6818D87AEEB22B72760E2680FEFD6C8D9AEC1B907CDBBFDCE60E0C2CF4F766B3915B07EA6429B262096B2B72E8F9DB8DA9B0903B66072FC54CF6219352DB5ED188F2A0E8B54D372A4BBD3D5076268A34DED6D777A89F368DD419C12CC0407DC8D445BE73A794C9B2B1281A3A68AF83B2F5CA01015E83C2BA2471414A4B8FC2D7E94AC978BEAF7CD654488071C5E27EF77C57657902EE3CD43CC89B3BC60D1D1AFF269F33C9FBEAFDC3C731F5D206C46A56FE4FBE4875D14872DDF57802FA302A2BCB9A11EBEE55816A5A7EFFAB945BA491343202ABEF6C2E923DE6C630296BF4FCAB81F2EBC91B9FC16AF51F0DCFD525A05D23F10BCD84F2F23B4CED026A7185D7BF227D1E170F3F4DDFF01523085AC69E00000, N'6.1.3-40302')
INSERT [dbo].[__MigrationHistory] ([MigrationId], [ContextKey], [Model], [ProductVersion]) VALUES (N'201810061146584_addedborrow&expense', N'MegaProject.Migrations.Configuration', 0x1F8B0800000000000400DD5DCD72DCB811BEA72AEFC09A53927234969CDDDAB8A4A4B4929DB8B2FE29CB9BCA4D45712099590E3921395E39A93C590E79A4BC42401224F1D38D3F829CB14B170D017C0D341A8D06D040FFEF3FFF3DFFE3E3368B3E91B24A8BFC62757AF27415913C293669FE70B1DAD7F7BFFD6EF5C73FFCF217E72F36DBC7E8AF7DBE674D3E5A32AF2E561FEB7AF77CBDAE928F641B5727DB34298BAAB8AF4F9262BB8E37C5FAECE9D3DFAF4F4FD78442AC2856149DBFDFE775BA25ED0FFAF3AAC813B2ABF771F6BAD890AC62DF69CA4D8B1ABD89B7A4DAC509B958BD260FF1BBB2F83B49EA932EF72ABACCD298D6E48664F7AB28CEF3A28E6B5ACFE73F56E4A62E8BFCE166473FC4D987CF3B42F3DDC7594558FD9F8FD96D9BF2F4AC69CA7A2CD84325FBAA2EB68E80A7CF186FD672712F0EAF06DE51EEBDA05CAE3F37AD6E3978B1FABE28CBE2E75524937A7E95954D3688BD275DA1271197F46410052A31CDDF93E86A9FD5FB925CE4645F9771F6247AB7BFCBD2E42FE4F387E227925FE4FB2CE32B47AB47D3840FF413C5DF91B2FEFC9EDC0B55BE4D37AB682D165FCBE587D26AD1AE71AFF2FAD9D92A7A43AB12DF656490048E11377551923F919C94714D36EFE2BA2625EDC8571BD2F252A9044CF29A544999EEBA5EEC685341A4636A15BD8E1F7F20F943FD91F23A7E5C452FD347B2E9BFB0FAFC98A77408D24275B92796242FB7051D54A6965A41DD505EECAB1EEAFBA2C8489C1BC0CED7A3B06945908EF53A4E6A471964A50E25848CFC2B0F21E48A2E25844947F2B6F935BBF8B1F6DDBED8C669B618B59BFD5D23028BD17B4DAA2A7E08CD4D874143C7F6EDB6190BCE03672879A8C193B455F051E063C9A586CEA7B44A6989DB7437BB68B53535AB05D3506F38B4A16D9DBDBE89C7FCF226FE943EB41D03357E15BD27599B5A7D4C779DFDC60BEC2DCBF5B22CB6EF8B4C1C075DE2ED4DB12F93A6F10596E3435C3E90DA73E0B11A380DB9B6CCA106DB2055AE63CD521CC30DB5B6786B91CF2EBA63B30012A767DF851ACD8B4CB82DA5B73F53B62F47EECD7E7B47CA259BB620C11F8A8762194AD79C9E6EFEFF90361DE8A8F25BA4CBCDA6A426C9ECD5BE4E975BC8EC2B3AF1E64BC8F42EAEAA9F8B52A71542F5BAFB4A4A376D5EEE76749268537EAC9AF1014CA0DDACA7E41C275130833291C2B9264DA64A9D9CA655A9F4A126589FB935C8FCE3A8264CEBB1B36FBE3D9C80CBE3F1639193DB37F36BE16566CCF853630E2DA4629AB1D090989D502B50743D7C9F965BB299DAE53D7FFE1C571FE7EF1192EC4BAA8BA8B46EE75FD8BD6BA479210386A315AC6B3EFC5CBC8C13AAFE5FE44DA9C9783F14C94FC5BE7E916F1A9BE7C73A514D204B8020D5B94C126A39BDA4C24C3657D3F74C9BF167502BB6AAD6DB2CB8CAE2745B81D6803C81F759477300CEA1D8034836C820D055951ADB696E57D53E2B5ED52E87B1AA2C9B6B551B30BB9AB29C7845DB0CC67A76B9269958FDE2BBC16B7B486B640D074997D5EE0DA94FFAD2271DEECB92625225FDD389024BAD2FDBC2A36D76666B9B3D3BBDBB7FF6DD37DFC69B67DFFE8E3CFB66793B6DFEED8F869587B00BDBEE5BC4606829FD35CEF607DB36E7C5B65502E147430B7BFCA3A1AD26FDFC29DD3456C9DA5CA2CF4CE1ADF2F7F2EC3AE6A49A2D3D1C84662E4D7C191DE0355C9AB928FC6869508F7FB0C0A20C666D1AE423F587D2FE7D7D8F44E25E3CEE485EB91EB0B05287DA0162E4BD4E34F9B24B591A0B9C7EF4CD0AE184D2632DE943D3D30CB39D35B4C06BBB7FD2E6EFD011F8F62F9245599D60F926AD4F5EC7E54FC4D5F9A72B74A8E1DE51F71AED5CD1A5063B23B9C84627A335ABBBD8BB2CFE67EC282F6D9943894B4BDC4B5AC6920B0B8B99A4C1866E2BBE88C875A4421FABF55A0950A81DC13EC3A845F9EF8AEA141283ECE78437C7BF0C53FC4B396D3BF40E703333C37B957C7FDFB26CA318ABA98A300359A6B9547D8C4B72FBE7948A72F9D9D5B58A2F7B30172BBE125E9A5E4558CCE9AAA53C55E18BF50F61F48B88810DE7161CF69510C8B27C9CA7849AACFA490079A68F0F9F7171D8F1E03F0E9697FF778476615E730EDDD72449B771B68ADE95F43F76198ACE143749DCD4C357A0C30D8D2BDAD121703C8696AB662FB28DB3730F5FF4C07ABDADC314B53E027C453B3CAE5396155AC7A9659C72788AB4E43FF6FA7DD019A82EE61224503DC02694405FE788A8C987CDB37066D7A37DC90635B541CA8EB440B20474F517B34EBFA1705B122AD095EBC69A50F6606A97AF849FDE551016BDC330505EC47759245934CEF287205C2FE1412092DC2CE88B2E528E17F2B617A9765EB1F9427713463607BBA43040560177882FABAA48D276F4C25352EFE226D6EF45BE89ECFCDD3A5E036E5E94F35405A6CD375A2F6A58AD64E5F636BF2619A949749974F7FFAFE22A89372AB768DB368EF5EB2709AE7E80B39758C3DF2884A9DA2565532A6E5C792BAAC8D3BC5675749A27E92ECEAC382695B6DCC66B9830D09153AEC98EE44DE3AC58625301F4487F3DD0927AC8C4A9F33527896E02CA1C1B6D0540F6723C360195DC2B110165FE578B08A8C8B10308A8C8922F4E403B7F56DBFE979C5B8F4D3C45AF5A443ABBF39545845360D7016453E0C7D18B267C9B0DEB7BC3D5B6B1EFD9BD6E53879B9001A93208FDD39393D33072A5ADD10272A5E5B53FFD05644A7D6200EB75CD7B03638F0B8F73D84B14FE5281494E832A4E2FD943EB6ED3EFC813054EC28776CCC40A2C207D988B162627467FAD515A06774A7B293479791D42B319EAB4806E33F0FCA8B59BE0B182753BECBE32F63573BBB29723D0E58503EC3D688E4D9341F5B6E95ED42BD049CEA06E984C7D0119039C4A30C1D07998A8B6386487CFB44ED0F8B52CBF48C0B9B480B6C33961431CBE02B1D4F20070E0404D789D3707677289873D0E4B048D27888C7F7C8A50537B2B9B0A7102715B52E03D34B50ECBC9227CEC69101AC319A8229DCCC7C25938F5C7A70759C65A546C89D5AC453F1CB5D9A739B0B69209E4F43AB0E4C107DFB6DAF768B4A4A631F68A0AF720F5975CB017435529B81477277CED1BAB694E4A7537FAFAAE49248F9063031D99CCB7A162C79CB20436E037A466B0DDE3C6D52A1ACF1599CCF5AF622B222C02B067752184E151630344BB6D51F57B45000CB79364806A3731A0BAB02D234371E609AE9456F4BE01473983844081834A07D8FE1D102D2C3B5E7280658F7668513B8BDF00CA360B20AC6143C600D1ADE720847EDD6C006817925079B690371437F1C28A0FBC0A4961D11495BB0D1E0A635B9D562F6A2AC3E6339BD1367A59C1836E4C97D038F53742622FF37099E131093A380853AEC1C56168DCA006145D6FED8EC06141AA409E85454E7870A95706662E41A7ECDA9649E7EC93B8249D89235CEA1B139C4B6C3C9B99049CF46ADB259EF54E6291782E8B7088356432839047315506599C378AD6ADF6C4916B553F5F6B38A43F633431DB832BC05BDB2A470CA76596E7655CED452348C30FFC84CCC8570F66A057E75596581DE1381DE2700D1ACD090D6B4CC73633088B781356650A7EEE603E79E0AADB5B329AC683670D1CC4604D4D6E337479526DB96937DC763F9C6B02A8F76CB7AFE7D6A5D0A53940939AB666AD3767F9D12EDB983A75AAD98F952103F205B9F68032C862BFD07DC75065596F079B19A6DF239C41B3E8EE5A18D8A6D9E872DDEA9ACE327873CB5E7A35ACEBBDA187BD9221ED7CDDC548631FCED74830B5F3D7F16E97E60F5C7035F625BAE922AB5DFDF6C63DE4D8B6C3582782CE937776064AB4E1F10391529B997E435EA665555FC7757C17372BE6ABCD56C906EE0C210BB79EA4B8F9A3F664BF90EBF337FFB34539160A0DD85063A55FD2D66D9BADB9D62AE17A1E2B183521EEE22C2E25FF792E74D95591EDB7B9F259164A2396F09E12002AA43BA3F7375D01E03EC919B37FE603C0EC9354CCF3B5D417CA36A6D2E7CA4EB128425602366C0E4E94B07E27D15DC4D0921897B9C8643C87D158673A2C31E4180F27A6D8234A71C5801AF649EE9843F43008754874C71DA28441B843E2D1C8ACB0109B2CB7E3D6B58FEC6A4AE332D7470713E50D8E36A643E2A37EF158FC777BB4C1BD9087427D0E4DEDEBAE63A92DECBE3BA2014047248F6C293F5112C13D0A0B1944CACDDDCB7C182C058A7DB747932BE451175585739F1DB1B830550A2097E65A43165B41AD234BF0AA25062AA43A2277A1A514C8EEB323D6B5A208B8CF8E5843F828056E48B147146244F18042823DDEBE1AAE34F368DC677BAC31D2130F357E75E19B6A8C1E9D158A6D3E392950C35684852A3522CCA3BE0053D1D94474EB6654EC86804682D80D5FED9154E5E9AC32C5704442C3C4247BCCA6573FB42F00F070E357C73EE342D7289DC7A5D9A38AD185784C31C5818B620821818B6292432DF940414225F9042F3C84A3700E7B0A6A68201E5D4DB547068204F1D040B20736506739CD1E158823C40303C96EE34B1DF9E3D7A399708033FF89B38FEA2BE43EFF5860CC3303F55765E55E7343E142B4081B09E367472C1684450163DF8F529A50F70D6F69EA5CC4A6491382816B1E21B889A878B4115970CC777CC41241B9EB22B6E0786E327B049281F9AC780B46EBDD364D2E608879D5447FF18647C12EE31CACE3066F8689FDD57B52BA77135A123549B9181D82398AC6FDD0A14D5CD2488135A0FAB89FAF8021362068CF3321399C0604EDBEA812C36A80D545F6420E24FBBD1FCA44D1875D6A2C241F2B883198BB55CA735773D9D488A51AB14282331E245152D2D1743FF3649AD8FB9D03B77BE723E550AB62083E21981448308BA5A4888F2CA1D6CB5586C4E0112ADED14950504B67A295E366E14C9BF5EC37BD0E75522539F24C3DB2D27931D91C5DE9CBA37B5ACA9D2F615BCB7823CC840C23FA20C9A106F07ABA1B4350E8011CFFC84C0CE6BC1842FE7CE5CE55DEC24905FF8CBF8AC8A7BA22E372E62B5FDDFBFD2A5EF7DD150D93D26394CEC18F328C92ECEE6B79EB48A4B841398C4FFA039A010B18A0C39D784E3FB3E2161EE6475BEC7C10053FC18FE28F593C6920875E70164F1AE87CC1271FCF8014AE294E1D903A309B11A92F8F9FD0CAAFBD2B4E0C9AD7E4ED917355FA81745F74FEE1769C069FCB9752AD1C2440E9BEE81BCCF94393CD97568C7AADA8597C698C8FAEE344C63CDE5C837D79A4745FF40AF46180722CAC98945B0C7296813AFB32FC1E6E31B01B04C2D586962BCD4585961B15BBCD205F29E8B234119EBA6312CA93CF554DB6274D86939B7F6457594A1AD3AECFF03ACED37BCAAD2EBCC5EAECE9E9D92ABACCD2B8EA6EA2B0CB12CFE59729AC6E4F9C3E6B6E4F90CD762D1777BF83D1A054D546709D550385405710EC2274A0B70ECCA139B8A2DD6DF9B4E1702B8CBAA81B8ED106A01B0C1DB9FC535C267442FED5367EFC358F6B131741BABFC035C0AF7E62D8D2BBD404641D030674FDB7EB5BD4DBDFDCB75CD119FB56BC3F10A057A5DB030111879B030131875B03CE980ED28338DFDB4910E6706F16A0B1E48CF2C3FBF007E897C1C39BABB2F234D1AB7C431E2F56FF6ACB3C8F5EFDED96157B12BD2DE9CCF23C7A1AFDDB63248C7EFF015A92B86935B78054DE81A07C1411D427A1C58877C70FC0FCB1B63D8C9518C9122487F9F390E5607A5576EA0F05D9FB4186AD6260D0CEA33F141A1FB3AF19EFB57708A64B3172D5A4AA5DABF1B726E1710EFD01D0469FFE20BD3093A5A6F58C5F2224FAA86E70DD61255EA0F9A4063D9F97EF80180C3EF601C4209C22131DED03208EBEF601C064477B7FF68BEEF52138273AD70740149CEBC3E20561A1EA45EF8F05B8CDE3B38A4D63657779FFAA01FEF1FE0BECD133DED5A8EA4BB69F9F44AFAAEED4E179F481724332B1248536651E3078A82F3113CC6226F75EAC1EB66D57D4D6BEB5AA0DE7311F6249CEB9CCCFB71A37789BDB4986C1B91C28A1751EB70E0A66963FA966818D12A11581B10F29DA5ED2A37A6CD9090F1AEF4DCD0ABB9B9BA5E0B8D444DF0A8FDA744597E859D08DDDAE4371C775734FF165679C378E623F4476A8F7B74740FFF91086BAE43CEF6F7E892EF34E5B0DD6220BC6A0B29258D459D82CB05CD119E555F0620FD0B1920F7BF07D07C01BDCAE27300F7073478C25E7EF87D479437E2838694B9EF7430FB19414DCD0830B01EECAFD45ED3CF92DF49A461F60A1A78BC462772A62F0E6B3381E5110E63C2719BC791D0FC858B949C3117605F79FC621D7EF79A64A2872998378F88BC522E2C0BB6233FE9124DDC659E36C43FFAB5AAF9953AA0A1AEF269A7CE649285497775ED95351661718D09DD949AD60BECBD65A6504F8DA57075A356AADE1C6F221341DEF881D62B31D76BF0E8D1CF4200470B79E69C4E1EECA0EFE0D1AD7644B470701616E8F07C9DB39D40137E8E01C1CBC0EB5F3ABF1650E8E1E073CB1C7DC96C3B32498C382E2A23C7515A4464A84231AA151129597FCBB1AD944C99C397231174E8DAB13903A4BC862F33381362BC8C82750B1EE6D2887FDEC25C272C281A1BE50616341F6106163A95FA3B0614F471DB9B001EF077C31B2D6851C44446DC648EC079634E495862313B46EAAD63BB305113430CEB414314D8C1FDC7DF95A44037BCCDC96D002B260880FE7DE5B33291721B82E5707E1FB2C7263DF89E8FBF10E22A38FC4E0447301E9B10AA5B7882E1962F57288C3B7AF459FE0CFE81D9146C1230972DDD50722E47AABFFB4883A61819539F2ECCB2CA282BE01E77076EE2428D8B3638EF416901653F445246622685B4276E5576CEB1A9E063B0E43177BD2741943570C15089CD249B10045F3A6FBB2883C497113E55A8C29F39838C80B52F607966E66B1E1C13437B2CBC99145ACCF65D64DFCE921202B2CE16BB17A0C4F471D91E9631BDC74FAC09F570D1D44B27CB582EEA9AC39A5CC867A7099935E601916F1720056B983D9A32E2C3F7B4C241ACF5C5837F709DD6B2B17ABCD5D73DED49DDAF4415855BD2482F7CF59A8E8430A047FD587E034E3732B7E8006970AD3E1321848B10D0E8508FB0EC1B749E6462813804243C90151BBAC766F480D4772964902274B0A51208F9E2C3B7D73A1CD0E1AB4B4591E3D6D7618E342BBB3C6B5A4BB2C7ACA702C7699F0B0FDA0D01B522032C39BFB26FC7EC1ACC0F709107AFFAAB9099C2D87156CF61D82662F66DBF687A12F4CFD60D707D224AA8E64311D1CD162161B8218210D01EBA6B029186B094BD63484E5B0517D83BF0CA202C77454158E592482602C79E4701F88236FE306A037C787160369CA4CAE3DBEE7908054D9FC42A3C4DB32A5D77B66A6A05178E6648AA0DF91103CE199C2D4819927D8ABEC73B284577570F099E90C810FF50086589CFECDC210C198E262F64E6FBA7A860534DB70D0E55355FC808A2BA9B337DD9B8A1DB8000DB63A9B99A5A725C34788E3339D05C2F902D06EFCFC013C81E0EAD87FD2344D308BB8481DD39B056C84038D336D976B36CC01F503A99EC32A3160C3165261A67D5D6867971FCDDD179DB282EC46205A43B026C37B8B78DB2DF622E7D1E28015AABED01E982D12CF0D4CD16E244DEFE359D9A1BCB13BA49DAF3B1B9B7DA03F95B774CFD7EFE95C936E3B0FDAF36B52A50F23C439C5CC4922EC280D795EE5F745BFC525D5A8CF22DFDD2475BC89EBF8B2ACD3FB38A96972F3244C9A3FACA2F6998DE661A23BB27995BFDDD7BB7D4D9B4CB67799C0CE66834C47FF7CADD4F9FC6DEBBA5D856802AD66DAF83BBFCDBFDFA7D966A8F74BC03F19816876DE98D77ED39775E3BDFFF079407A53E496408C7DC386E107B2DD6514AC7A9B37CF4FF9D48D8EE51FC8439C7C1E1FECC040CC1D21B2FDFC3A8D1FCA785B318CB13CFD496578B37DFCC3FF01C8CB915BA0F80000, N'6.1.3-40302')
INSERT [dbo].[__MigrationHistory] ([MigrationId], [ContextKey], [Model], [ProductVersion]) VALUES (N'201810061241116_addedch', N'MegaProject.Migrations.Configuration', 0x1F8B0800000000000400DD5DDD72DC3876BE4F55DE81D55749CAABB6E4CCD4C425ED9646B2B3AE8C6D95A5D9CA9D8A624332336CB297647BE46CED93E5228F9457084800247E0E7E09B2DB2EDDA809E01CE0E0C3C1DF3938FFF73FFF7BFEA7E76D917C41759357E5C5EAF4E4E52A4165566DF2F2E962B56F1FFFF0D3EA4F7FFCC77F387FB3D93E277F61F95E75F970C9B2B9587D6EDBDDEBF5BAC93EA36DDA9C6CF3ACAE9AEAB13DC9AAED3ADD54EBB3972FFF6D7D7ABA4698C40AD34A92F34FFBB2CDB7A8FF817F5E55658676ED3E2DDE571B5434F43B4EB9EDA9261FD22D6A7669862E56EFD1537A5357FF85B2F684E45E2597459EE29ADCA2E27195A46559B5698BEBF9FAD706DDB675553EDDEEF087B4B8FBBA4338DF635A3488D6FFF598DDB5292FCFBAA6ACC7828C54B66FDA6AEB49F0F41595CD5A2E1E24E1D5203B2CBD3758CAEDD7AED5BD042F563F57755DFDBE4A6456AFAF8ABACB0689F784147A9170492F062860C4747F2F92AB7DD1EE6B7451A27D5BA7C58BE466FF50E4D97FA0AF77D56FA8BC28F745C1570E570FA7091FF0274C7F87EAF6EB27F42854F93EDFAC92B5587C2D971F4AAB4549E3DE95EDABB355F20157257D28D080044E10B76D55A37F4725AAD3166D6ED2B64535EEC8771BD4CB52A904CCF21A35599DEF482F12DE1888784CAD92F7E9F32FA87C6A3F6359A7CFABE46DFE8C36EC0BADCFAF658E87202ED4D67BE4C8F2725BE141656BA913A95B2C8B7DC348FD5C55054A4B0BB1F3F508362304F1586FD3ACF5C4202D75281052F6EF0240C8155D0A84196179DFFD9A1D7EB47DF76FB6695E2CC6ED76FFD04160317EEF51D3A44FB1A5E93168F0D8BEDF7663C17BE00C250F3578B2BE0A210A7C2CB9D4D0F99237392E719FEF6687565F53BB5AB00DF54E421BDCD6D9EB9B05CC2F1FD22FF953DF3150E357C92754F4A9CDE77C47D66F3C60EF69AEB775B5FD5415E2382089F7B7D5BECEBAC657BA1C7769FD84DAC081476BE035E4FA32871A6C03AA7CC79A231CE30DB5BE78BF229F1DBA63B30016A7673FC51ACD8B4CB83DA78FBF63B12FC7EEC37EFB80EA259BB620C35FAAA76A194ED79C9EEEFEBFCBBB0EF454F93DA5CBCDA6C64B92D9AB7D9D2FB791D93778E22D97C0F42E6D9ADFABDAA41562F5BAFF4ECA346D5EEE767892E8537E6DBAF1014CA064D653728E932898419948E15C932653A54E5ED3AA54FA50136CC8DC1A65FEF15413B6FDD8D90F3F1E0EE0F278FC5C95E8FEC3FC5A78991933FDD22D87165231DD58E858CCCEA80714DE0F3FE6F5166DA6763993CF9FD3E6F3FC3D82B27D8D751146EB76FE8DDD4D87E68516301CAF685D73F77BF536CDB0FA7F5376A526D3FBA5CA7EABF6ED9B72D3AD797E6D337509E448204A752EB30CAF9CDE6230A3CDD5F433D36EFC59D48AABAA0D5E165C1569BE6DC0D5803C81B3ACE37200CEA1AC0734D9A00581A9AA78B19D976E556559F5552539AC55A5D97CABDA1173AB29CDA9AF689FC15A4F926BD2128B6DBE3B7A7D0F191759C345D265B3FB80DA1356FA84D07D5B639A5849FF76A290C5AB2FD7C2E3DAECCC756DF6EAF4E1F1D54F3FFC986E5EFDF8AFE8D50FCBAFD3E63FFEE84479887561DF7D8B2C187A4E7F498BFDC18ECD79D8F64A20FE68E8C91EFF68E8AB893F7FC937DDAA646D2FC13263F24EF9199E7DC79C54B3A58783D0CCA5992FA30382864B3717C51F2D1DD5E31F2C3094C1AC5D8342507F28EDCFEA7B24887BF3BC436583EEAF3EE7C5C6F33C48287BA8D320A11241779C2A85A556208CF34D5A23A76B563772A42131CC51448AB3DAD4683701A290C0DD80584DB9C0B82930E553F606C6CC93B608720583061D297CE851C7213774D839833FDEB85BE03692B5EE0E57B9883A16E31CF8326A61176293AE47A48E37DC9398736A47AC26FBA431FB3EAD7F43BE6395143AD41825DC83C6265774A93149592E723F4079CD6A657953A4FF9D7AE2A52F7328B8F4CC83D032965C182C53174CA4E28B408EB08A7D1BCDB412A06509439661D4A9FC7745830A89518E41E3EF62BF8D1DECB772497DE88B936E66868FF8F9FEBEA7D94618ABA90A98812CD32C113FE375C5FD9F730CE5FAABAF45225FF66096897C258234BD4A61315BC59EF354852FD63FC6AA5CA4187935DD13874D8C04B6341F6760A426ABE645409EE9E323645C1C763C848F83E5F17F837017962DE707718DB27C9B16ABE4A6C6FF511F423C53DC6669578F5040C71B1A57B8A363D009185ABE9ABD2A36DE36717CD103EBF5BE0E53D4FA48E03B3A88F19DB29CA811492D63CBC673C425FFBA375F1FCCC075314B3A81EB014EA604FE26FB5D433EDD3C0B67F6B58891D6A0B63648D9352D905602A6FA8B59A73BF6DCD70803BAF13D5813CA1E4CEDF29508D3BB0A85455D7F06CE8B98FC8B2CABCEC7E4108CDB250C6F44969B055D3844CEE9424E2A2257624C5E2EE4D2338A399A6FCF40B28978427CD9345596F7A3179E929865A858BF37E52671331325B206AC23B1E4B10ACCBB6FB85E7861B59295DBC7F21A15A845C965469ECDB84A9B2CDDA8D2C26DDB78D68F4D125CFD001B49B186FFA230C66A1775B73A79DA59C0375891E765ABEAE8BCCCF25D5A38494C2AED788CD70961E023A75CA31D2ABBC63989C4A5025A4B98F5C04BEA219BA4CED71C12FD004AED815D01201B071F1B4025AB640D40A9D9E2220015257600808A22F9E6004ACCC05DFB5FB2093F36788AC6E81A7492FB9545C02988EB00D814E471F4D0849D40757D6FF1081DFB9E3E8760EB701B65005516D0BF3C39398D832B638D16C09551D6E1FC17C094FA3287AED70DCF748C3D2EBC69E38E28FD031F369C46559C41D8D3D6DDA5DF352F7B78814FDB31132BB000FA2C765B3AB8B81A718DD891ED23DDA1E968017608ADE756B505D49F5B7F1CB51E34DAFBDAB06136FE5551482DE3FD4168341C7686FBE175A64B7B5CE062B5190E82B1A93BA3D56A014C0BF65A3A68C1C65B2394A8D1A13B5641832F8E20B31F3B364C42F576E96DAD4DAC17F6A06E98CC7D018C0126553A6098ECABD49D28B40B9D69976CB0EA5A7E8BAC97D20213B95E122ECC61BFB9A536C780F99276036BB265E2361CE255A7C706D9600725D33F3E4568A8BDD38E426302E5B7A1D6F7D0D43A2C8745F8D2DF021A8B0580824E6A61E40D4EB3F1C0410E711C2AB6C4598E433F1CF556C660AEE184098DED4664E4C1661FAEDAF768B4A4A131EE8A4A6F3F1D8E5CB0176355293A8AC9FD76FF30775EA25ABD8BB97EE812D13364D6834726B5EC69E825BF8CC08EF82D6A2959F2227EB34AC65B758A39164A4181B04880BEC50E51185EC2B790E80FED1A76520A90E1CE512DA4FA233CA82EF4C0D4529CFA4128A515BD6FA1A3DCC04344816B7A0FB2ECF12823597AB9EA4196BEF464A44A56FC16A274E3DFB0031E85A27400E44A8E1DE368E9B10C168264B30835956DCA2D04FA5D2A549E9E12588ADB04ED24645E3FE530EEC599C3859E968C6B757AA56BA80C9D2C5D86F268C0088FE8315DA2C6E9D691A4EEAD382E333CE041DB21613EB7580F0D8D1B748C3291385BFA70B4203D234FF1A22402A4C4348D5D4A90018BB1659209CB242949E6261A29B1C64497121DCF7621014614C6768966149344249A3C6824441B3259409A679A5501395CE58B4B67E3653ED72AB6183048C87C7D6F1376805480E80FAA442C17D1420BF457D15CEDC51596411EFACB67AB5C0384617BAA42958CCF2529786B64B926E55AA9AC380C6273BC189D014FE6B779F402B4DFEDF9DFEE41C2035777FEF779EEFD122043D1975F9599FEEEC87E7BC4559C2D180DB200EF8B3812C3A275729B21F76FB5E5B61B0DD73B0DAE09E0F4E27A0531F79405B9FD021396ED78DDF9809D57AAF252DE346B19CED4659211E5A271DCD20AC8E1CCD7FFD4571519DB6ED805663EE79D413B9BBCC52C62331C56FA1E574E17197C40E98E5E83E8983FC770DE35A49DAF497054FAE17CAD89A27AFE3EDDEDF2F2898BAA4ABF24B724A4EAD51F6EFD638D6E098D7526E83CF9746EE0841B9E3E2129B55B506DD0DBBC6EDAEBB44D1FD2CE9BE56AB355B281A77B9AFD3163291EE0A93DC9F6CB2C7FF73F3DFBD0C540050E4569E9B7B875DBEE78B55FFC713DAF2B9874B16DD322AD250F202E66E95555ECB7A5F25906A59596F07022405448F7A6CE7CF501C22CC99B267BA808A0C992549AE76BA92F94A368A5CF95D37E11424E001B0E7827228C9D06FB434C5B5227652E24292F616D9053132D31D6284F4E4C71A7280514056AC892FC690E614321AA43A23FDD213C284477483C1ACC0AFBDDC9B81DAF1F42B06B28ADC71C0B0B2AE20D0E336AA2C487FBE469F1DFDDA90D06D23C29ADD5B4AD7DC4A1546D21F9EE490D20744478A427261391081E05396050536EEE5EE6E35F2AA4E877776A728502EAA2AA70EEB3272D2E3EA542904BF3AD210DAAA4D6912604D552475448F5A44C624A2A24C9674F5AD78A22E03E7BD21AE2462AE48614778A4270489EA090E04E6FDF0C8F32F0D4B8CFEEB4C6108F3CA9F1AB8FDCD4C5E8D1AD4275874F5E0AD47214E1A04AAD14E6515FC052D17B89E8D7CD5AD80D910C05D80D5FDD29A9CAD35B658A710885868949EE34BB5EBDEBDF30E1C98D5F3DFB8C8B59A7741E97E64E550C2BC8D314533CA428C60E14A4282679D4928F102854924F08A2A791289CC39D831A1390A7AEA6BA5306A203F2A481E400DA409DE53477AA4000419E3090EC37BED4913F7E3D9A090730AD9838FBA8F65EFEF38F038D796620E6EC2FF79A1F152E369B7090307EF6A445A3AF29C4E8F7A34493D64A26184DC4CC6F1A9A3434F49A47886A262A1E6328363DCD1B3E5499A0DC4DA1DAF4F4FC307B04C8D099060503A337229C860B98C4BC6A82394FF154740E5507EB38C9C46162AF89D6B0FE5D6629AF5DA42AC1B98465AA25F8970B65CEF117226DF00B76AD35744103E708E5A0BD6032643B3E9C6A8D7C82800A53F340AA8EC021003571770E06A3822A27E6F0E700EDE1E5347FAAEAF99B9872345066E64F13210C5B7239405757502760CE219D97AEC14FDD4A4BDD3B0909DEF42044494947D3FDD4806E62EF13F70CFFCED794D32E6687A84DC24A5613056A2914F12199D47AF962488CBAA4D23B3A04455D604F5C5CFB2DACA7CD50EE67AD87BA2095ECC7A6DE949A8CE75C6E4CCDE5B547A98ABBA8709A6A7526B551862986509263F4E8EBE9BF588162F6E8E91FD91283DACCC6C05F28EE7CF1160F157CFC1B95229FEA4B598FB3507C91C0372A3DF2DD979A0EA5C788CEC17C378E9224DE98C13A5253DCA21CC658388066D045DA31D19D681E32B3E21622DA685BECBBFCD2C4AED1D21FB304F2D0DCB5C259027968E70B3EF97806A4E0843C75409A88B98C487379ADF89530298AED8C210C8B3BE552453F901E4A9D8F78A2E7C1E70AE5D42AF757507A28F58DCEE6C8902D9457AA359652B384F218A395E8998C7982A5069B9049E9A1D41BD07406CAB1B062529C67E42C0377FA65F83D38CF50C715C1A3A6974AE71FD34BA3A14E34B2270BC9D2854624B77358265F9B166D4FBA0C27B77F2DAE8ABC3BE11D32BC4FCBFC114B8BC4855A9DBD3C3D5B2597459E36C4018AFAE8BC961FB57172DA397DD539EDA0CD762D17F777FDE9A834CD46B0D856236C419E2F6EA1ADB4CE2EF698565C51F21646DE49B807A3295C9567981EC87186B02BBFA4758627E47FDAA6CFFFCCD375092824B9CD700D08AB9F18EFFB21B711720E9E067A9CB8F5ADD6C9C4DEB75CD119FB56745B89D0AB92D34A448A83C34A449A83B38A374D0FF4687C3EDC10A4F3F3B003682C39237E78D79108FD3238167055565E357B576ED0F3C5EA6F7D99D7C9BBFFBCA7C55E241F6B3CB3BC4E5E267F0F1809A3BB498496647E5ACD2F92637004C5104504F5496C18F15E2011843FD696917182918C20393E6E0096A3E955D997241649667E1BB78A918912479258D4F860B7DD786F8363175E8A211F2755ED5A0D5C39891EE7471281DAE84A12A517665AA9191D32DCD464888684D48D5E7738C10B5C3E0954CF7EF8716EB90330185C3B22C0209E2213FD3B22501C5D3C221093FD3BC2C52F7A75C4909CE8D31181A2E0D311975E1411AACE1BE1B4006F0DFDACE2D258D94B23BC6A805B46F8067B74C8F05D54B192FDE717C9BB86DC3ABC4EEEB034A42596A4D0A6CC0316C7882566825996C9CC783A606D4B8ABAAE6F9D6AC3396AC4D892739E1AF3EDC62D4E0E6EC8B0F83400258C3E0BCED134EDF8936A16795122B42232ED43423B083DAAC5961B78B48152D5ACB097831D05C7A526582B026A438A2ED1B3068F09B76EB57947D87B4DA530E34C0218C8FB1DB92904261DBEC11E1AE12B16832BC67C738B3136A21788B46E0BEE28823B36368C8EE2A00DF6A7980E9EE9DB65D173C2EBC4C9197560144327B4696DC6ED28E38ACE882EC19921C212537265887EFC043805B8F584CE11C0DE1163C9F9FBC17F92180A4E9A1C78778418270A8237427410E82DFABFA903C8B0FD7ED7E803ECF74DB1BCDC2EC72C469D0EB7640A8539AFCB06A36ECF7B525A6ED270843D02C2A75BC803609EA9128A7DE9018F70582C0207DE229FCA0F65F9362D3A9B2BFC5FD31B4F9D6255D019B9E1E4B34046B1BA9C18E74FA5323B6040AB762FB5A2336177D62A2381EF7D2D6F54A3CE1A6E2C1F43D3F1F6F831EE5C602BFCD894A3DE870156F7338D38BDD5BA87998BC142DDD1DE45A030B7E18B64F41ECBCE01B4738F4EBC8D75016030698F4E3D8D68B8A1B35E8F2F9268762B8AA5FAD45D901A6B578EAB01BD9AA60F4EE61367396AC45B35F00C179093AB13903A4BD07BFB23A52E3BC82424D4BDE9653A8F6B8D25023BCB60831E55FB66C046C3B46AC04653BF47B0E91EAE3B72B001CF487C335823716535502389DF23D2348F751C19D0C8546DB6698C02B4972727A74ABF4A6131C508F4E4CBF7020D4D480467460B60C11204D4BFB766522E427876AE0EC2F75970E3DE891A4F082FC898E3C078F15C003D3E81521751297268528EB09CF4BD2819EB538947A46DDCE3C2C6E8D399549168D2035587A6CC82B080EE7678B432006FBA376403F92F803E7D845DAE7759805EAE5BD9A745D045EEFA79F6F4CB2C68D23E52E961D5E1851EDDBB889EFC16408B2D2AB1269630B8EB81763CDFF12ECCF276E1716CC1744F7D2FB3051343E802F7C7528C5C71E14DBE2C8227299EB05C8B31659EC5B7E6893BF7AB74BF0D9BE545473FB6CBE1C82106F6323B7AFE5E1BC00A4DF85E96DE96B7ED8E68E1ED1AF47BFAC09F570D1D0459A15AC1F496DF9C2873E11E1D736FC427A286E3253930B9DCC1F4D5299A9FBE76948CB781B49B5902790EEA62B579E86E42C97D220B4EAEEA2591387B6F47A53EA440E4AF58686A3B7DEE2C0AE0C1A5C27CB80C1656F4E84D6142BF43E4FB247B23940940E1A1E480B85D36BB0FA825CB661B4BE0CE53610AE431B3A5F7C23EBCE915989137CD63E64DAF097D7893D5B89135C962E64CEE8C6C8CA5730A85AB940EB194B2383264E7345A8E2C838925CB63E1C976ED0A2F9600F160B11F6CC4E99E5CA14DBF43A4695C01575058006103831B10A4995C5527623AA856C42C2E0C758C0C0C9C9B42D701BA96D0644343680E17FD3B989369F4F098AED5C76316892137CB6A7533B37D49B8CCB08E06AD64CC7B82A1C5409AB29C305AB770948054790D28363C40284CF9DA85A20D9137A750844946131F2FBE50A83AB0CB4417BB624E91F0AA0E8E0C375D20F09D37201087CBF1590422ACE8C6879623345DBDE2059A6DB9070EA9AA5006581BF7254D8B5EFFA65AEE238176FBDC60CED2EFF0D2088A61164F3CE0F59B4138F6EBBA384D325DB30144E0B5A7BF58847B21400CFA7B23F0E688AB29FB6468A6B092E442404D6F1670810134CE76CD61B8E8003436A4AD0FABF781837648EBDBCEE3A113795E01922F26FD0E2DB5813040D19A0C9F09EBDBEE70863CCFC4072CDCD5D01F91C522C9DC2214E301E0F43E9E551CCAE3ED43DAF99A6C4BE807FC5379A4FD7CFD094FCFF996D8E49F5FA3267F1A499C639A25CA8493C021CFBBF2B1624793528D5816D91B1CB5E9266DD3CBBACD1FD3ACC5C9DD5B6379F9B44AFAF79BBA17EF1ED0E65DF971DFEEF62D6E32DA3E148238BB834D13FFF3B552E7F38FBD334813A309B89A79E741F1B1FC79DFCF4DB4DE6F018F070D89EEC494FA01757DD976FE404F5F074A1FAAD2911015DF70D07B87B6BB02136B3E96DDBB862175C363F917F494665FC797A07444EC1D218AFDFC3A4F9FEA74DB501A6379FC136378B37DFEE3FF03EF8300D069090100, N'6.1.3-40302')
INSERT [dbo].[AspNetRoles] ([Id], [Name]) VALUES (N'2', N'Admin')
INSERT [dbo].[AspNetRoles] ([Id], [Name]) VALUES (N'3', N'DataEntry')
INSERT [dbo].[AspNetRoles] ([Id], [Name]) VALUES (N'5', N'EmployeeShareHolder')
INSERT [dbo].[AspNetRoles] ([Id], [Name]) VALUES (N'4', N'ShareHolder')
INSERT [dbo].[AspNetRoles] ([Id], [Name]) VALUES (N'1', N'StoreAdmin')
INSERT [dbo].[AspNetUserRoles] ([UserId], [RoleId]) VALUES (N'0ee8b594-338f-488d-8bc5-f4f624f13fe0', N'1')
INSERT [dbo].[AspNetUserRoles] ([UserId], [RoleId]) VALUES (N'0f7acf1b-5e47-4f90-9775-7238b113fcf5', N'3')
INSERT [dbo].[AspNetUserRoles] ([UserId], [RoleId]) VALUES (N'2f358a8a-2df2-4dcb-8bd2-2e36e50ef4d3', N'5')
INSERT [dbo].[AspNetUserRoles] ([UserId], [RoleId]) VALUES (N'3ee7a0bc-fbf4-4484-bf80-909fa3cbc676', N'2')
INSERT [dbo].[AspNetUserRoles] ([UserId], [RoleId]) VALUES (N'456c5b10-2f04-47a7-a537-d67d85ce9b0d', N'3')
INSERT [dbo].[AspNetUserRoles] ([UserId], [RoleId]) VALUES (N'84c5edce-3920-4f6f-bb3f-877a97f13245', N'4')
INSERT [dbo].[AspNetUserRoles] ([UserId], [RoleId]) VALUES (N'8baa662d-7c91-4978-87be-358310c26001', N'3')
INSERT [dbo].[AspNetUserRoles] ([UserId], [RoleId]) VALUES (N'a33468db-92a3-414c-978f-6abb7605445d', N'4')
INSERT [dbo].[AspNetUserRoles] ([UserId], [RoleId]) VALUES (N'a58cbec3-ad87-42b6-a318-8a7367fcdaea', N'1')
INSERT [dbo].[AspNetUserRoles] ([UserId], [RoleId]) VALUES (N'b3f0a847-e1e8-4484-a8b3-2d8cd7a78194', N'3')
INSERT [dbo].[AspNetUserRoles] ([UserId], [RoleId]) VALUES (N'cf449b54-457d-4eea-9b3f-aa3071bc81ed', N'1')
INSERT [dbo].[AspNetUserRoles] ([UserId], [RoleId]) VALUES (N'd3488b62-bf7c-4a42-97d1-3f93d68a75d4', N'1')
INSERT [dbo].[AspNetUserRoles] ([UserId], [RoleId]) VALUES (N'd8ce48d8-703f-4233-bbde-6943c4b55792', N'5')
INSERT [dbo].[AspNetUserRoles] ([UserId], [RoleId]) VALUES (N'e5a3ee20-9b82-43a7-8a38-424aad890686', N'1')
INSERT [dbo].[AspNetUsers] ([Id], [Email], [UserType], [EmailConfirmed], [PasswordHash], [SecurityStamp], [PhoneNumber], [PhoneNumberConfirmed], [TwoFactorEnabled], [LockoutEndDateUtc], [LockoutEnabled], [AccessFailedCount], [UserName], [Status], [phone_No], [Name], [SavedPassword]) VALUES (N'027585dc-b88f-4550-ab61-f516891569b8', N'sad@gmail.com', N'ShopAdmin', 0, N'AFyeLFw6Q/ETg3LAJWTzaePqGj9/DV6U/PSf8d1bClyvZPWJjFzo8Zu9T1g2T1kqUg==', N'e485602a-3820-477e-8148-d2b158cdbd29', NULL, 0, 0, NULL, 1, 0, N'waleed25848', 0, NULL, NULL, NULL)
INSERT [dbo].[AspNetUsers] ([Id], [Email], [UserType], [EmailConfirmed], [PasswordHash], [SecurityStamp], [PhoneNumber], [PhoneNumberConfirmed], [TwoFactorEnabled], [LockoutEndDateUtc], [LockoutEnabled], [AccessFailedCount], [UserName], [Status], [phone_No], [Name], [SavedPassword]) VALUES (N'0859e841-db1d-4159-a657-2bf62e3fb473', N'waleed@gmail.com', N'Data Entry', 0, N'ANltuPW73LqlLSwY9BJWAy96mEwK3whq/TKWZCr0qlODiFZKV1PpeKe5kENSfs+DVw==', N'074b9d64-75ab-44e0-99c7-08f05f0d8493', NULL, 0, 0, NULL, 1, 0, N'waleed@gmail.com', 1, N'0922222123', N'Muhammad waleed', NULL)
INSERT [dbo].[AspNetUsers] ([Id], [Email], [UserType], [EmailConfirmed], [PasswordHash], [SecurityStamp], [PhoneNumber], [PhoneNumberConfirmed], [TwoFactorEnabled], [LockoutEndDateUtc], [LockoutEnabled], [AccessFailedCount], [UserName], [Status], [phone_No], [Name], [SavedPassword]) VALUES (N'0ee8b594-338f-488d-8bc5-f4f624f13fe0', N'dasdas@gmail.com', N'ShopAdmin', 0, N'APc1h4q9nK+6s9OpqfwN2c74yzVwYQxql9HeccX7HsF13d8/qmSwRg/x8Tt8X9GMVA==', N'1436d547-91c6-4de1-9a7f-6c78f68c5f5f', NULL, 0, 0, NULL, 1, 0, N'sadas9576', 0, NULL, N'sadas', N'Es-ErK={Z@428')
INSERT [dbo].[AspNetUsers] ([Id], [Email], [UserType], [EmailConfirmed], [PasswordHash], [SecurityStamp], [PhoneNumber], [PhoneNumberConfirmed], [TwoFactorEnabled], [LockoutEndDateUtc], [LockoutEnabled], [AccessFailedCount], [UserName], [Status], [phone_No], [Name], [SavedPassword]) VALUES (N'0f7acf1b-5e47-4f90-9775-7238b113fcf5', N'Junaid234@gmail.com', N'DataEntry', 0, N'AI06tn8m4ogjwLDfhpXv4cTzZKMCA8lzP8pr39br9nj4L/6LpAD6Gb0/d1JL+Y4/Qg==', N'f39ecd6e-7974-48d3-8b64-48657604a616', NULL, 0, 0, NULL, 1, 0, N'Junaid123', 1, N'03241488970', N'Junaid Khan', N'Dell-830')
INSERT [dbo].[AspNetUsers] ([Id], [Email], [UserType], [EmailConfirmed], [PasswordHash], [SecurityStamp], [PhoneNumber], [PhoneNumberConfirmed], [TwoFactorEnabled], [LockoutEndDateUtc], [LockoutEnabled], [AccessFailedCount], [UserName], [Status], [phone_No], [Name], [SavedPassword]) VALUES (N'10a9ff98-7cd0-423e-aaac-6e60b799908f', N'agsddas@gmail.com', N'ShopAdmin', 0, N'AALSKzL+pQ30fHAOrvqo17K9wIU2pgR6NduLosRs1G8CgvMp6RQOx8p2qc8Za4b8jQ==', N'd4782ffc-5a1e-4f50-9909-f23ee0c06312', NULL, 0, 0, NULL, 1, 0, N'aliahehetgfsd767', 0, NULL, NULL, NULL)
INSERT [dbo].[AspNetUsers] ([Id], [Email], [UserType], [EmailConfirmed], [PasswordHash], [SecurityStamp], [PhoneNumber], [PhoneNumberConfirmed], [TwoFactorEnabled], [LockoutEndDateUtc], [LockoutEnabled], [AccessFailedCount], [UserName], [Status], [phone_No], [Name], [SavedPassword]) VALUES (N'17f4bcd6-0aea-4ee9-a0a9-44e0087834e7', N'a1@gmail.com', N'ShopAdmin', 0, N'AFQnfeV3ooXgOA6Y4ZCd0pX2aOIVCCFdf6dikEqKtwC/BuGs5NOpG6o5xAYB1wg5jg==', N'a3da4f6c-4f2d-4bd3-8b11-0b026dbb37b8', NULL, 0, 0, NULL, 1, 0, N'dilawar9894', 0, NULL, NULL, N'Dell-830')
INSERT [dbo].[AspNetUsers] ([Id], [Email], [UserType], [EmailConfirmed], [PasswordHash], [SecurityStamp], [PhoneNumber], [PhoneNumberConfirmed], [TwoFactorEnabled], [LockoutEndDateUtc], [LockoutEnabled], [AccessFailedCount], [UserName], [Status], [phone_No], [Name], [SavedPassword]) VALUES (N'2ab5daf0-025c-4434-9a3c-fa4940227998', N'asddff123334@gmail.com', N'ShopAdmin', 0, N'AK3ZnuiTEOh4eEbs8ewdEYRDo5TWG386kSvvdSDCTOLopCZUINrdTnI5upgB01oBiQ==', N'e4192bff-e211-4572-be11-3d44727367bc', NULL, 0, 0, NULL, 1, 0, N'mozamfayyaz7976', 0, NULL, NULL, NULL)
INSERT [dbo].[AspNetUsers] ([Id], [Email], [UserType], [EmailConfirmed], [PasswordHash], [SecurityStamp], [PhoneNumber], [PhoneNumberConfirmed], [TwoFactorEnabled], [LockoutEndDateUtc], [LockoutEnabled], [AccessFailedCount], [UserName], [Status], [phone_No], [Name], [SavedPassword]) VALUES (N'2b57b8eb-ebc5-4257-8287-f9ed91a75bde', N'beezad123@gmail.com', N'DataEntry', 0, N'AM175eUMQ1pTO7f8cxhbNSCL+nv8GnLJygntMM+M+0T8JaQKgMBi6C/mB3cuiMbk9Q==', N'e98c6086-10f9-4b8d-80ea-ed5354b38fea', NULL, 0, 0, NULL, 1, 0, N'beezad123@gmail.com', 1, N'03241488970', N'Beezad ', NULL)
INSERT [dbo].[AspNetUsers] ([Id], [Email], [UserType], [EmailConfirmed], [PasswordHash], [SecurityStamp], [PhoneNumber], [PhoneNumberConfirmed], [TwoFactorEnabled], [LockoutEndDateUtc], [LockoutEnabled], [AccessFailedCount], [UserName], [Status], [phone_No], [Name], [SavedPassword]) VALUES (N'2f358a8a-2df2-4dcb-8bd2-2e36e50ef4d3', N'ahmed123@gmail.com', N'EmployeeShareHolder', 0, N'AHIPLXFsAZvr6eyayrQkYY1nijPb3XXg1/bQ9wjOwN1uP2IjN3G73rto+46QDSMLkw==', N'8356d6eb-8e8d-41fc-82ea-922a1aae70e3', NULL, 0, 0, NULL, 1, 0, N'sa-500-Emp', 1, NULL, N'ahmed', N'AS+55.gg@rr4')
INSERT [dbo].[AspNetUsers] ([Id], [Email], [UserType], [EmailConfirmed], [PasswordHash], [SecurityStamp], [PhoneNumber], [PhoneNumberConfirmed], [TwoFactorEnabled], [LockoutEndDateUtc], [LockoutEnabled], [AccessFailedCount], [UserName], [Status], [phone_No], [Name], [SavedPassword]) VALUES (N'3ee7a0bc-fbf4-4484-bf80-909fa3cbc676', N'Muhammad.waleed.010@gmail.com', N'Admin', 0, N'AFPBZ9VqDeRf1MRwH6OLyAfX/M8cg3dGWaMGTD/t9PqrFc1sc2acg050KYkutAinyQ==', N'b8372303-8101-4439-b647-c7fea37d874d', NULL, 0, 0, NULL, 1, 0, N'Waleed123', 1, N'03241488970', N'Muhammad waleed', NULL)
INSERT [dbo].[AspNetUsers] ([Id], [Email], [UserType], [EmailConfirmed], [PasswordHash], [SecurityStamp], [PhoneNumber], [PhoneNumberConfirmed], [TwoFactorEnabled], [LockoutEndDateUtc], [LockoutEnabled], [AccessFailedCount], [UserName], [Status], [phone_No], [Name], [SavedPassword]) VALUES (N'456c5b10-2f04-47a7-a537-d67d85ce9b0d', N'tayyab123@gmail.com', N'DataEntry', 0, N'AAXsUCc911FzKB2SwRhBZw8TuG2+2JJV9S8Uk48sxvolJuMKSEO7N+jefZcTElAC7w==', N'8ed3c89d-b570-46ab-9236-b6e2c68c6659', NULL, 0, 0, NULL, 1, 0, N'Tayyab123', 1, N'03241488970', N'Tayyab ', N'Dell-830')
INSERT [dbo].[AspNetUsers] ([Id], [Email], [UserType], [EmailConfirmed], [PasswordHash], [SecurityStamp], [PhoneNumber], [PhoneNumberConfirmed], [TwoFactorEnabled], [LockoutEndDateUtc], [LockoutEnabled], [AccessFailedCount], [UserName], [Status], [phone_No], [Name], [SavedPassword]) VALUES (N'466758af-a0ae-46d1-bc56-6e121caf3277', N'dsa@gmail.com', N'ShopAdmin', 0, N'AOwaxq0ykyrhco2p2PfJXw7mx7TMec9fCoRSCmVscF91RHPknlVjYeHNAyBfakrFZg==', N'308195ec-2b65-4919-bbdb-30cdb0479bcd', NULL, 0, 0, NULL, 1, 0, N'waleeds4152', 0, NULL, NULL, NULL)
INSERT [dbo].[AspNetUsers] ([Id], [Email], [UserType], [EmailConfirmed], [PasswordHash], [SecurityStamp], [PhoneNumber], [PhoneNumberConfirmed], [TwoFactorEnabled], [LockoutEndDateUtc], [LockoutEnabled], [AccessFailedCount], [UserName], [Status], [phone_No], [Name], [SavedPassword]) VALUES (N'586ef311-10e3-43cf-917c-ac8261b0b317', N'sda@gmail.com', N'ShopAdmin', 0, N'AD5fwCj2dZwn7E8UzohEKFaKB3UMNfg0gEhmuSCeJ/IPtOnqYu4MzDbsr8/QAEL5Zg==', N'd021210b-0028-4a51-9d62-b34bf06f6e09', NULL, 0, 0, NULL, 1, 0, N'waleed7330', 0, NULL, NULL, NULL)
INSERT [dbo].[AspNetUsers] ([Id], [Email], [UserType], [EmailConfirmed], [PasswordHash], [SecurityStamp], [PhoneNumber], [PhoneNumberConfirmed], [TwoFactorEnabled], [LockoutEndDateUtc], [LockoutEnabled], [AccessFailedCount], [UserName], [Status], [phone_No], [Name], [SavedPassword]) VALUES (N'58fc01fa-b2e4-4f37-a39b-225bf5e75b4e', N'ahhgr3091@gmail.com', N'Data Entry', 0, N'ADASqrGSJkUr+zn6nmau/3iew23WuX+BQTAf7sodu/MgdGmiruE0lHNSnc2E481XKQ==', N'26d50ef5-6485-47c9-b91c-6beb882dbe52', NULL, 0, 0, NULL, 1, 0, N'ahhgr3091@gmail.com', 1, N'082382331323', N'ahmed ali', NULL)
INSERT [dbo].[AspNetUsers] ([Id], [Email], [UserType], [EmailConfirmed], [PasswordHash], [SecurityStamp], [PhoneNumber], [PhoneNumberConfirmed], [TwoFactorEnabled], [LockoutEndDateUtc], [LockoutEnabled], [AccessFailedCount], [UserName], [Status], [phone_No], [Name], [SavedPassword]) VALUES (N'5dfdd62b-fcc5-4fb6-ba14-60e1cf2b1205', N'AMIE@gmail.com', N'DataEntry', 0, N'AJmUhv0D0ZNqsCjI/jT6UoO0QNFHyHcILYS6NZYxnyPT3p8s4lYnscErkF/N2jVlMg==', N'46dda482-f5fd-4f01-9782-0755ce667bbf', NULL, 0, 0, NULL, 1, 0, N'AMIE@gmail.com', 1, N'7203643464', N'Muhammad amir', NULL)
INSERT [dbo].[AspNetUsers] ([Id], [Email], [UserType], [EmailConfirmed], [PasswordHash], [SecurityStamp], [PhoneNumber], [PhoneNumberConfirmed], [TwoFactorEnabled], [LockoutEndDateUtc], [LockoutEnabled], [AccessFailedCount], [UserName], [Status], [phone_No], [Name], [SavedPassword]) VALUES (N'7f423e10-087b-4e68-9095-80b360d41dc2', N'a12344gsddas@gmail.com', N'ShopAdmin', 0, N'AHMHtfzXt9NQ5NEsZqSp07efDAl6xXc+xHUOh7SNJD+xLDpcVP6zNcVtOXUyJyYa4g==', N'84796cd0-6754-4d03-9d1c-3e4b20d23792', NULL, 0, 0, NULL, 1, 0, N'amjadbutt6493', 0, NULL, NULL, NULL)
INSERT [dbo].[AspNetUsers] ([Id], [Email], [UserType], [EmailConfirmed], [PasswordHash], [SecurityStamp], [PhoneNumber], [PhoneNumberConfirmed], [TwoFactorEnabled], [LockoutEndDateUtc], [LockoutEnabled], [AccessFailedCount], [UserName], [Status], [phone_No], [Name], [SavedPassword]) VALUES (N'807da797-cc6c-4ac8-8955-fbc33a2ea7e1', N'asdasdad@gmail.com', N'ShopAdmin', 0, N'AMoY+L6rJsnDZiLZ7KA5trwMBJdA00kU9YeAd028RQ7fknSMFL7UaAnrrCPAOypjNw==', N'66047072-4d4f-402e-bdf5-2c2f1e42529a', NULL, 0, 0, NULL, 1, 0, N'farhanattari1456', 0, NULL, NULL, NULL)
INSERT [dbo].[AspNetUsers] ([Id], [Email], [UserType], [EmailConfirmed], [PasswordHash], [SecurityStamp], [PhoneNumber], [PhoneNumberConfirmed], [TwoFactorEnabled], [LockoutEndDateUtc], [LockoutEnabled], [AccessFailedCount], [UserName], [Status], [phone_No], [Name], [SavedPassword]) VALUES (N'84c5edce-3920-4f6f-bb3f-877a97f13245', N'sarfarazahmed123@gmail.com', N'ShareHolder', 0, N'AMiO+EFTxKZbu+C01MgPNpYlim7yi214xmFGF9ukxPI2jr1Xh4jHi8l39T5qGz4nEw==', N'b7841f18-f0d0-471b-8d63-c73f0f9af866', NULL, 0, 0, NULL, 1, 0, N'saf-002', 1, NULL, N'Sarfaraz Ahmed', N'AS+55.gg@rr4')
INSERT [dbo].[AspNetUsers] ([Id], [Email], [UserType], [EmailConfirmed], [PasswordHash], [SecurityStamp], [PhoneNumber], [PhoneNumberConfirmed], [TwoFactorEnabled], [LockoutEndDateUtc], [LockoutEnabled], [AccessFailedCount], [UserName], [Status], [phone_No], [Name], [SavedPassword]) VALUES (N'8812a36d-167b-4fe4-bfba-14059ea63a6b', N'a12gsddas@gmail.com', N'ShopAdmin', 0, N'ANUMGBnWikBr251kDdmUFyNiGOSTszaox9FsE6ABKrlIIRzyHP3HI0yWHA7aSHaMwg==', N'c6af9d72-0207-4e61-9c3d-ca0721cbcadc', NULL, 0, 0, NULL, 1, 0, N'shahzadahmed6169', 0, NULL, NULL, NULL)
INSERT [dbo].[AspNetUsers] ([Id], [Email], [UserType], [EmailConfirmed], [PasswordHash], [SecurityStamp], [PhoneNumber], [PhoneNumberConfirmed], [TwoFactorEnabled], [LockoutEndDateUtc], [LockoutEnabled], [AccessFailedCount], [UserName], [Status], [phone_No], [Name], [SavedPassword]) VALUES (N'8baa662d-7c91-4978-87be-358310c26001', N'hanan123@gmail.com', N'DataEntry', 0, N'AN3i8yHSgxo/ZdWGrVjvqnWsxUyRl109U4EEOMe3gM5rLQIvBRE4gCzNC+FYYX3plg==', N'5ec82cdf-d39f-465a-935e-fc8344221331', NULL, 0, 0, NULL, 1, 0, N'hanan123', 1, N'03241488970', N'hanan', N'Dell-830')
INSERT [dbo].[AspNetUsers] ([Id], [Email], [UserType], [EmailConfirmed], [PasswordHash], [SecurityStamp], [PhoneNumber], [PhoneNumberConfirmed], [TwoFactorEnabled], [LockoutEndDateUtc], [LockoutEnabled], [AccessFailedCount], [UserName], [Status], [phone_No], [Name], [SavedPassword]) VALUES (N'8c1a7f55-008e-48eb-ad46-f3ba268426f1', N'hamdi123@gmail.com', N'DataEntry', 0, N'AEWl1fBQ8oRIE6vI8rUA4+uK8JpSR5DlnxmnxTdppqLj9KUTwVdnJWudEWYYZ6Xh5A==', N'ea6c806d-3804-4ec9-b02b-d9951e2a1c79', NULL, 0, 0, NULL, 1, 0, N'hamdi123@gmail.com', 1, N'03241488970', N'Hamid Arshad ', NULL)
INSERT [dbo].[AspNetUsers] ([Id], [Email], [UserType], [EmailConfirmed], [PasswordHash], [SecurityStamp], [PhoneNumber], [PhoneNumberConfirmed], [TwoFactorEnabled], [LockoutEndDateUtc], [LockoutEnabled], [AccessFailedCount], [UserName], [Status], [phone_No], [Name], [SavedPassword]) VALUES (N'9be6d373-910f-4e03-a4cd-002967eac41e', N'sdds@gmail.com', N'ShopAdmin', 0, N'AAP7uDcVEk0q0/d+8pDoXW9uxYyEhf0umnPWTGJ7wqhEG/O9cpjdXydvsDANwgi99w==', N'5e6259d3-72b0-47a5-9621-30abcc37050e', NULL, 0, 0, NULL, 1, 0, N'waleed4072', 0, NULL, NULL, NULL)
INSERT [dbo].[AspNetUsers] ([Id], [Email], [UserType], [EmailConfirmed], [PasswordHash], [SecurityStamp], [PhoneNumber], [PhoneNumberConfirmed], [TwoFactorEnabled], [LockoutEndDateUtc], [LockoutEnabled], [AccessFailedCount], [UserName], [Status], [phone_No], [Name], [SavedPassword]) VALUES (N'a33468db-92a3-414c-978f-6abb7605445d', N'saqibnisar123@gmail.com', N'ShareHolder', 0, N'AFV+plMZV7KAj/kJdb068qkc/SHyzlI21dxS6eHWR0qGz9rI7dzlKESWm1fy96DLGA==', N'0c61f15c-1253-41a4-aa11-e6680b9f2daa', NULL, 0, 0, NULL, 1, 0, N'SA-Nisar', 1, NULL, N'Saqib Nisar', N'AS+55.gg@rr4')
INSERT [dbo].[AspNetUsers] ([Id], [Email], [UserType], [EmailConfirmed], [PasswordHash], [SecurityStamp], [PhoneNumber], [PhoneNumberConfirmed], [TwoFactorEnabled], [LockoutEndDateUtc], [LockoutEnabled], [AccessFailedCount], [UserName], [Status], [phone_No], [Name], [SavedPassword]) VALUES (N'a58cbec3-ad87-42b6-a318-8a7367fcdaea', N'sdasz@gmail.com', N'ShopAdmin', 0, N'AMbOKaCoE/2WK1vUoikxAmICA/TeTJR6iaxqpy5B+YLCKWIF7xaIi48gNTkbboUqmg==', N'9ecd1f6c-f435-4460-b904-5e20730783dc', NULL, 0, 0, NULL, 1, 0, N'sdasd437', 0, NULL, N'sdasd', N'EsiDivUQ[@514')
INSERT [dbo].[AspNetUsers] ([Id], [Email], [UserType], [EmailConfirmed], [PasswordHash], [SecurityStamp], [PhoneNumber], [PhoneNumberConfirmed], [TwoFactorEnabled], [LockoutEndDateUtc], [LockoutEnabled], [AccessFailedCount], [UserName], [Status], [phone_No], [Name], [SavedPassword]) VALUES (N'b3f0a847-e1e8-4484-a8b3-2d8cd7a78194', N'sdas@gmail.com', N'DataEntry', 0, N'APlmpDVknuZeVTcUMHf8gO5K3cD/U6cnJbv4Oa7Dvuu7Cfxl8Q1fdWcU1b7aTRxtFg==', N'3b84b886-0bf0-4b08-8328-0c5d014616ea', NULL, 0, 0, NULL, 1, 0, N'sda123', 1, N'03241488970', N'sda', N'Dell-830')
INSERT [dbo].[AspNetUsers] ([Id], [Email], [UserType], [EmailConfirmed], [PasswordHash], [SecurityStamp], [PhoneNumber], [PhoneNumberConfirmed], [TwoFactorEnabled], [LockoutEndDateUtc], [LockoutEnabled], [AccessFailedCount], [UserName], [Status], [phone_No], [Name], [SavedPassword]) VALUES (N'c097e776-d82d-4bd1-9068-e0d4f877a5c3', N'dfs@gmail.com', N'ShopAdmin', 0, N'ACjC6tr9RJrqNd8xsG3J9NgKg0P6SHKE2lEVLGOPgFA5WIRPtEQpVqTdDSGu/KETMg==', N'983ead71-0c95-4beb-9d1c-30bc1dcfde4d', NULL, 0, 0, NULL, 1, 0, N'waleed6962', 0, NULL, NULL, NULL)
INSERT [dbo].[AspNetUsers] ([Id], [Email], [UserType], [EmailConfirmed], [PasswordHash], [SecurityStamp], [PhoneNumber], [PhoneNumberConfirmed], [TwoFactorEnabled], [LockoutEndDateUtc], [LockoutEnabled], [AccessFailedCount], [UserName], [Status], [phone_No], [Name], [SavedPassword]) VALUES (N'c0b345ad-4666-4a84-a879-c52678b5d6ad', N'sarmad123@gmail.com', N'DataEntry', 0, N'AHCQZjBge7maCO7U3dll6mbEneYbhWQvif2xjwTBbtQMEJdwZj+CG46upFTiTeYAFw==', N'00c44eb9-1030-4101-923f-784b6b062e57', NULL, 0, 0, NULL, 1, 0, N'sarmad123', 1, N'03241488970', N'sarmad', N'Dell-830')
INSERT [dbo].[AspNetUsers] ([Id], [Email], [UserType], [EmailConfirmed], [PasswordHash], [SecurityStamp], [PhoneNumber], [PhoneNumberConfirmed], [TwoFactorEnabled], [LockoutEndDateUtc], [LockoutEnabled], [AccessFailedCount], [UserName], [Status], [phone_No], [Name], [SavedPassword]) VALUES (N'cf449b54-457d-4eea-9b3f-aa3071bc81ed', N'waleedt5273123@gmail.com', N'ShopAdmin', 0, N'AGX9LX6NwHPCRg3mVHRYJq2Ap8cowzOTqM/ecm/WEARYQwyHgWpLLsKY9+oQbOODsA==', N'31631a3c-d671-433a-9c88-f00586853687', NULL, 0, 0, NULL, 1, 0, N'waleedt5273', 0, NULL, N'waleed t', N'Eskk%cZL2@911')
INSERT [dbo].[AspNetUsers] ([Id], [Email], [UserType], [EmailConfirmed], [PasswordHash], [SecurityStamp], [PhoneNumber], [PhoneNumberConfirmed], [TwoFactorEnabled], [LockoutEndDateUtc], [LockoutEnabled], [AccessFailedCount], [UserName], [Status], [phone_No], [Name], [SavedPassword]) VALUES (N'd3488b62-bf7c-4a42-97d1-3f93d68a75d4', N'sarmad2216123@gmail.com', N'ShopAdmin', 0, N'AEYPGnB/LSdHJSlqriFHsDbR83Xo3fCxqy+YAIXrYU262cqioHWp6QvaX5CG/qR5gQ==', N'9dfab11c-8ce6-49d5-9e8e-f393daf54aa2', NULL, 0, 0, NULL, 1, 0, N'sarmad2216', 0, NULL, N'sarmad', N'Es:iM}_ae@300')
INSERT [dbo].[AspNetUsers] ([Id], [Email], [UserType], [EmailConfirmed], [PasswordHash], [SecurityStamp], [PhoneNumber], [PhoneNumberConfirmed], [TwoFactorEnabled], [LockoutEndDateUtc], [LockoutEnabled], [AccessFailedCount], [UserName], [Status], [phone_No], [Name], [SavedPassword]) VALUES (N'd8ce48d8-703f-4233-bbde-6943c4b55792', N'faizan123@gmail.com', N'EmployeeShareHolder', 0, N'AIKvuu+z5R0nXznorRZSlIFvqQiHThAR/RLP3+j9PT0HQ6PGB4dZGJCEl9I74BUO7w==', N'5c0b5bec-bece-445e-8bfe-1809dca4dbaa', NULL, 0, 0, NULL, 1, 0, N'fa-dd', 1, NULL, N'faizan', N'Sar.mad@mi+r-za44')
INSERT [dbo].[AspNetUsers] ([Id], [Email], [UserType], [EmailConfirmed], [PasswordHash], [SecurityStamp], [PhoneNumber], [PhoneNumberConfirmed], [TwoFactorEnabled], [LockoutEndDateUtc], [LockoutEnabled], [AccessFailedCount], [UserName], [Status], [phone_No], [Name], [SavedPassword]) VALUES (N'e5a3ee20-9b82-43a7-8a38-424aad890686', N'kashif3010123@gmail.com', N'ShopAdmin', 0, N'AEqVniVgM9W+rnJt+fdAAnpGec8IC8h/Bqc2K3WJN1bbskKJq6a/tJqDtSgaTcQz7w==', N'4e143b8e-30dd-4df7-a2c1-a6a18afa9a4d', NULL, 0, 0, NULL, 1, 0, N'kashif3010', 0, NULL, N'Kashif', N'EsaWvGif%@203')
SET IDENTITY_INSERT [dbo].[Contacts] ON 

INSERT [dbo].[Contacts] ([ContactId], [contact_Name], [Contact_Email], [Contact_Subject], [Contact_Message]) VALUES (1, N'ali', N'aha@gamil.com', N'xc gdhdsfgt g', N'ctgbjnbdgbfhbfhf')
INSERT [dbo].[Contacts] ([ContactId], [contact_Name], [Contact_Email], [Contact_Subject], [Contact_Message]) VALUES (2, N'ali', N'aha@gamil.com', N'xc gdhdsfgt g', N'dwefgtrhtrhtr')
SET IDENTITY_INSERT [dbo].[Contacts] OFF
SET IDENTITY_INSERT [dbo].[Count_model] ON 

INSERT [dbo].[Count_model] ([count_id], [visiter_ip], [StoreId], [count_date], [count]) VALUES (1032, N'::1', 13, N'10/2/2018', 1)
INSERT [dbo].[Count_model] ([count_id], [visiter_ip], [StoreId], [count_date], [count]) VALUES (1033, N'::1', 25, N'10/3/2018', 1)
INSERT [dbo].[Count_model] ([count_id], [visiter_ip], [StoreId], [count_date], [count]) VALUES (1034, N'::1', 17, N'10/5/2018', 1)
SET IDENTITY_INSERT [dbo].[Count_model] OFF
SET IDENTITY_INSERT [dbo].[Markets] ON 

INSERT [dbo].[Markets] ([Market_id], [Market_Name], [Market_Status]) VALUES (2, N'Kashmir', 1)
INSERT [dbo].[Markets] ([Market_id], [Market_Name], [Market_Status]) VALUES (3, N'Akbar', 1)
INSERT [dbo].[Markets] ([Market_id], [Market_Name], [Market_Status]) VALUES (4, N'Sajjad Ali', 1)
SET IDENTITY_INSERT [dbo].[Markets] OFF
SET IDENTITY_INSERT [dbo].[Plazas] ON 

INSERT [dbo].[Plazas] ([Plaza_id], [Market_id], [Plaza_Name], [Plaza_Status]) VALUES (1, 3, N'East side', 1)
INSERT [dbo].[Plazas] ([Plaza_id], [Market_id], [Plaza_Name], [Plaza_Status]) VALUES (2, 2, N'North ', 0)
INSERT [dbo].[Plazas] ([Plaza_id], [Market_id], [Plaza_Name], [Plaza_Status]) VALUES (3, 3, N'North Up East', 1)
INSERT [dbo].[Plazas] ([Plaza_id], [Market_id], [Plaza_Name], [Plaza_Status]) VALUES (4, 2, N'North ', 1)
SET IDENTITY_INSERT [dbo].[Plazas] OFF
SET IDENTITY_INSERT [dbo].[Share_History] ON 

INSERT [dbo].[Share_History] ([Share_History_id], [Share_id], [Share_History_Amount], [Share_History_Date]) VALUES (1, 2, 4000, CAST(0x0000A965001FDC40 AS DateTime))
INSERT [dbo].[Share_History] ([Share_History_id], [Share_id], [Share_History_Amount], [Share_History_Date]) VALUES (2, 1, 800, CAST(0x0000A96501201DD0 AS DateTime))
INSERT [dbo].[Share_History] ([Share_History_id], [Share_id], [Share_History_Amount], [Share_History_Date]) VALUES (3, 3, 8000, CAST(0x0000A96501201DD0 AS DateTime))
SET IDENTITY_INSERT [dbo].[Share_History] OFF
SET IDENTITY_INSERT [dbo].[Share_Holder] ON 

INSERT [dbo].[Share_Holder] ([Share_Holder_id], [Id], [Share_History_id], [Share_Holder_Name], [Share_Holder_UniqueId], [Share_Holder_Password], [Share_Holder_Date]) VALUES (1, N'2f358a8a-2df2-4dcb-8bd2-2e36e50ef4d3', 1, N'ahmed', N'sa-500-Emp', N'AS+55.gg@rr4', CAST(0x0000A97000202290 AS DateTime))
INSERT [dbo].[Share_Holder] ([Share_Holder_id], [Id], [Share_History_id], [Share_Holder_Name], [Share_Holder_UniqueId], [Share_Holder_Password], [Share_Holder_Date]) VALUES (2, N'd8ce48d8-703f-4233-bbde-6943c4b55792', 1, N'faizan', N'fa-dd', N'Sar.mad@mi+r-za44', CAST(0x0000A97000C38E80 AS DateTime))
INSERT [dbo].[Share_Holder] ([Share_Holder_id], [Id], [Share_History_id], [Share_Holder_Name], [Share_Holder_UniqueId], [Share_Holder_Password], [Share_Holder_Date]) VALUES (3, N'84c5edce-3920-4f6f-bb3f-877a97f13245', 3, N'Sarfaraz Ahmed', N'saf-002', N'AS+55.gg@rr4', CAST(0x0000A96E00000000 AS DateTime))
INSERT [dbo].[Share_Holder] ([Share_Holder_id], [Id], [Share_History_id], [Share_Holder_Name], [Share_Holder_UniqueId], [Share_Holder_Password], [Share_Holder_Date]) VALUES (4, N'a33468db-92a3-414c-978f-6abb7605445d', 1, N'Saqib Nisar', N'SA-Nisar', N'AS+55.gg@rr4', CAST(0x0000A96C00000000 AS DateTime))
SET IDENTITY_INSERT [dbo].[Share_Holder] OFF
SET IDENTITY_INSERT [dbo].[Shares] ON 

INSERT [dbo].[Shares] ([Share_id], [Share_Percentage], [Share_Amount], [Share_Code], [Share_Date]) VALUES (1, CAST(0.10 AS Decimal(18, 2)), 500, 1, CAST(0x0000A95E00000000 AS DateTime))
INSERT [dbo].[Shares] ([Share_id], [Share_Percentage], [Share_Amount], [Share_Code], [Share_Date]) VALUES (2, CAST(0.50 AS Decimal(18, 2)), 2500, 5, CAST(0x0000A95E001E3660 AS DateTime))
INSERT [dbo].[Shares] ([Share_id], [Share_Percentage], [Share_Amount], [Share_Code], [Share_Date]) VALUES (3, CAST(1.00 AS Decimal(18, 2)), 5000, 10, CAST(0x0000A95E011FD780 AS DateTime))
SET IDENTITY_INSERT [dbo].[Shares] OFF
SET IDENTITY_INSERT [dbo].[Store_request] ON 

INSERT [dbo].[Store_request] ([Store_request_id], [Store_request_name], [Store_request_owner_name], [Store_request_type], [Store_request_discription], [Store_request_address], [Store_request_phone_no], [Store_request_date], [Store_request_status]) VALUES (1, N'ali arts', N'ali', N'on', N'i am good', N'34-a shaif block khan toen ptipmln pakistan', N'08752329232323', CAST(0x0000000000000000 AS DateTime), 0)
INSERT [dbo].[Store_request] ([Store_request_id], [Store_request_name], [Store_request_owner_name], [Store_request_type], [Store_request_discription], [Store_request_address], [Store_request_phone_no], [Store_request_date], [Store_request_status]) VALUES (2, N'ahmed arts', N'ahmed', N'on', N'dfdgdhfjdgsdfhgjfsgs', N'sdgdfhsgdfjfghsgdfjfghsdg', N'346457586969', CAST(0x0000000000000000 AS DateTime), 0)
INSERT [dbo].[Store_request] ([Store_request_id], [Store_request_name], [Store_request_owner_name], [Store_request_type], [Store_request_discription], [Store_request_address], [Store_request_phone_no], [Store_request_date], [Store_request_status]) VALUES (9, N'sdsfsfgsg', N'fsdfsdgsdfgsf', N'on', N'sfsfsdgdgdhdf', N'fsdgdgfhfgjhgsdg', N'3464756858', CAST(0x0000000000000000 AS DateTime), 0)
INSERT [dbo].[Store_request] ([Store_request_id], [Store_request_name], [Store_request_owner_name], [Store_request_type], [Store_request_discription], [Store_request_address], [Store_request_phone_no], [Store_request_date], [Store_request_status]) VALUES (10, NULL, NULL, N'on', NULL, NULL, NULL, CAST(0x0000000000000000 AS DateTime), 0)
INSERT [dbo].[Store_request] ([Store_request_id], [Store_request_name], [Store_request_owner_name], [Store_request_type], [Store_request_discription], [Store_request_address], [Store_request_phone_no], [Store_request_date], [Store_request_status]) VALUES (11, NULL, NULL, N'on', NULL, NULL, NULL, CAST(0x0000000000000000 AS DateTime), 0)
INSERT [dbo].[Store_request] ([Store_request_id], [Store_request_name], [Store_request_owner_name], [Store_request_type], [Store_request_discription], [Store_request_address], [Store_request_phone_no], [Store_request_date], [Store_request_status]) VALUES (12, NULL, NULL, N'on', NULL, NULL, NULL, CAST(0x0000000000000000 AS DateTime), 0)
INSERT [dbo].[Store_request] ([Store_request_id], [Store_request_name], [Store_request_owner_name], [Store_request_type], [Store_request_discription], [Store_request_address], [Store_request_phone_no], [Store_request_date], [Store_request_status]) VALUES (13, NULL, NULL, N'on', NULL, NULL, NULL, CAST(0x0000000000000000 AS DateTime), 0)
INSERT [dbo].[Store_request] ([Store_request_id], [Store_request_name], [Store_request_owner_name], [Store_request_type], [Store_request_discription], [Store_request_address], [Store_request_phone_no], [Store_request_date], [Store_request_status]) VALUES (14, NULL, NULL, N'on', NULL, NULL, NULL, CAST(0x0000000000000000 AS DateTime), 0)
INSERT [dbo].[Store_request] ([Store_request_id], [Store_request_name], [Store_request_owner_name], [Store_request_type], [Store_request_discription], [Store_request_address], [Store_request_phone_no], [Store_request_date], [Store_request_status]) VALUES (15, NULL, NULL, N'on', NULL, NULL, NULL, CAST(0x0000000000000000 AS DateTime), 0)
INSERT [dbo].[Store_request] ([Store_request_id], [Store_request_name], [Store_request_owner_name], [Store_request_type], [Store_request_discription], [Store_request_address], [Store_request_phone_no], [Store_request_date], [Store_request_status]) VALUES (16, NULL, NULL, N'on', NULL, NULL, NULL, CAST(0x0000000000000000 AS DateTime), 0)
INSERT [dbo].[Store_request] ([Store_request_id], [Store_request_name], [Store_request_owner_name], [Store_request_type], [Store_request_discription], [Store_request_address], [Store_request_phone_no], [Store_request_date], [Store_request_status]) VALUES (17, NULL, NULL, N'WholeSale', NULL, NULL, NULL, CAST(0x0000000000000000 AS DateTime), 0)
INSERT [dbo].[Store_request] ([Store_request_id], [Store_request_name], [Store_request_owner_name], [Store_request_type], [Store_request_discription], [Store_request_address], [Store_request_phone_no], [Store_request_date], [Store_request_status]) VALUES (18, NULL, NULL, N'WholeSale', NULL, NULL, NULL, CAST(0x0000000000000000 AS DateTime), 0)
INSERT [dbo].[Store_request] ([Store_request_id], [Store_request_name], [Store_request_owner_name], [Store_request_type], [Store_request_discription], [Store_request_address], [Store_request_phone_no], [Store_request_date], [Store_request_status]) VALUES (19, NULL, NULL, N'WholeSale', NULL, NULL, NULL, CAST(0x0000000000000000 AS DateTime), 0)
INSERT [dbo].[Store_request] ([Store_request_id], [Store_request_name], [Store_request_owner_name], [Store_request_type], [Store_request_discription], [Store_request_address], [Store_request_phone_no], [Store_request_date], [Store_request_status]) VALUES (20, NULL, NULL, N'WholeSale', NULL, NULL, NULL, CAST(0x0000000000000000 AS DateTime), 0)
INSERT [dbo].[Store_request] ([Store_request_id], [Store_request_name], [Store_request_owner_name], [Store_request_type], [Store_request_discription], [Store_request_address], [Store_request_phone_no], [Store_request_date], [Store_request_status]) VALUES (21, NULL, NULL, N'WholeSale', NULL, NULL, NULL, CAST(0x0000000000000000 AS DateTime), 0)
INSERT [dbo].[Store_request] ([Store_request_id], [Store_request_name], [Store_request_owner_name], [Store_request_type], [Store_request_discription], [Store_request_address], [Store_request_phone_no], [Store_request_date], [Store_request_status]) VALUES (22, NULL, NULL, N'WholeSale', NULL, NULL, NULL, CAST(0x0000000000000000 AS DateTime), 0)
INSERT [dbo].[Store_request] ([Store_request_id], [Store_request_name], [Store_request_owner_name], [Store_request_type], [Store_request_discription], [Store_request_address], [Store_request_phone_no], [Store_request_date], [Store_request_status]) VALUES (23, NULL, NULL, N'WholeSale', NULL, NULL, NULL, CAST(0x0000000000000000 AS DateTime), 0)
INSERT [dbo].[Store_request] ([Store_request_id], [Store_request_name], [Store_request_owner_name], [Store_request_type], [Store_request_discription], [Store_request_address], [Store_request_phone_no], [Store_request_date], [Store_request_status]) VALUES (24, NULL, NULL, N'WholeSale', NULL, NULL, NULL, CAST(0x0000000000000000 AS DateTime), 0)
INSERT [dbo].[Store_request] ([Store_request_id], [Store_request_name], [Store_request_owner_name], [Store_request_type], [Store_request_discription], [Store_request_address], [Store_request_phone_no], [Store_request_date], [Store_request_status]) VALUES (25, NULL, NULL, N'WholeSale', NULL, NULL, NULL, CAST(0x0000000000000000 AS DateTime), 0)
INSERT [dbo].[Store_request] ([Store_request_id], [Store_request_name], [Store_request_owner_name], [Store_request_type], [Store_request_discription], [Store_request_address], [Store_request_phone_no], [Store_request_date], [Store_request_status]) VALUES (26, NULL, NULL, N'WholeSale', NULL, NULL, NULL, CAST(0x0000000000000000 AS DateTime), 0)
INSERT [dbo].[Store_request] ([Store_request_id], [Store_request_name], [Store_request_owner_name], [Store_request_type], [Store_request_discription], [Store_request_address], [Store_request_phone_no], [Store_request_date], [Store_request_status]) VALUES (27, NULL, NULL, N'WholeSale', NULL, NULL, NULL, CAST(0x0000000000000000 AS DateTime), 0)
INSERT [dbo].[Store_request] ([Store_request_id], [Store_request_name], [Store_request_owner_name], [Store_request_type], [Store_request_discription], [Store_request_address], [Store_request_phone_no], [Store_request_date], [Store_request_status]) VALUES (28, NULL, NULL, N'WholeSale', NULL, NULL, NULL, CAST(0x0000000000000000 AS DateTime), 0)
INSERT [dbo].[Store_request] ([Store_request_id], [Store_request_name], [Store_request_owner_name], [Store_request_type], [Store_request_discription], [Store_request_address], [Store_request_phone_no], [Store_request_date], [Store_request_status]) VALUES (29, NULL, NULL, N'WholeSale', NULL, NULL, NULL, CAST(0x0000000000000000 AS DateTime), 0)
INSERT [dbo].[Store_request] ([Store_request_id], [Store_request_name], [Store_request_owner_name], [Store_request_type], [Store_request_discription], [Store_request_address], [Store_request_phone_no], [Store_request_date], [Store_request_status]) VALUES (30, NULL, NULL, N'WholeSale', NULL, NULL, NULL, CAST(0x0000000000000000 AS DateTime), 0)
INSERT [dbo].[Store_request] ([Store_request_id], [Store_request_name], [Store_request_owner_name], [Store_request_type], [Store_request_discription], [Store_request_address], [Store_request_phone_no], [Store_request_date], [Store_request_status]) VALUES (31, NULL, NULL, N'WholeSale', NULL, NULL, NULL, CAST(0x0000000000000000 AS DateTime), 0)
INSERT [dbo].[Store_request] ([Store_request_id], [Store_request_name], [Store_request_owner_name], [Store_request_type], [Store_request_discription], [Store_request_address], [Store_request_phone_no], [Store_request_date], [Store_request_status]) VALUES (32, NULL, NULL, N'WholeSale', NULL, NULL, NULL, CAST(0x0000000000000000 AS DateTime), 0)
INSERT [dbo].[Store_request] ([Store_request_id], [Store_request_name], [Store_request_owner_name], [Store_request_type], [Store_request_discription], [Store_request_address], [Store_request_phone_no], [Store_request_date], [Store_request_status]) VALUES (33, NULL, NULL, N'WholeSale', NULL, NULL, NULL, CAST(0x0000000000000000 AS DateTime), 0)
INSERT [dbo].[Store_request] ([Store_request_id], [Store_request_name], [Store_request_owner_name], [Store_request_type], [Store_request_discription], [Store_request_address], [Store_request_phone_no], [Store_request_date], [Store_request_status]) VALUES (34, NULL, NULL, N'WholeSale', NULL, NULL, NULL, CAST(0x0000000000000000 AS DateTime), 0)
INSERT [dbo].[Store_request] ([Store_request_id], [Store_request_name], [Store_request_owner_name], [Store_request_type], [Store_request_discription], [Store_request_address], [Store_request_phone_no], [Store_request_date], [Store_request_status]) VALUES (35, NULL, NULL, N'WholeSale', NULL, NULL, NULL, CAST(0x0000000000000000 AS DateTime), 0)
SET IDENTITY_INSERT [dbo].[Store_request] OFF
SET IDENTITY_INSERT [dbo].[Stores] ON 

INSERT [dbo].[Stores] ([StoreId], [StoreTypes], [Id], [StoreName], [StoreOwnerName], [StoreNumber], [StoreOwnerNumber], [StoreLogo], [StoreDate], [StoreAddress], [Status], [user_name], [password], [Discription]) VALUES (13, N'IndividualStore', N'807da797-cc6c-4ac8-8955-fbc33a2ea7e1', N'Hamza Traders', N'Farhan Attari', N'123456789', N'123456789', N'Hamza-Traders-Fabrics-Sheranwala-Gate-New-Azam-Cloth-Market-Lahore.jpg', CAST(0x0000A9600143FCD0 AS DateTime), N'Sheranwala Gate, New Azam Cloth Market, Lahore', 1, N'farhanattari1456', N'EsmJC0jmB@141', NULL)
INSERT [dbo].[Stores] ([StoreId], [StoreTypes], [Id], [StoreName], [StoreOwnerName], [StoreNumber], [StoreOwnerNumber], [StoreLogo], [StoreDate], [StoreAddress], [Status], [user_name], [password], [Discription]) VALUES (14, N'IndividualStore', N'17f4bcd6-0aea-4ee9-a0a9-44e0087834e7', N'Haseeb Arts', N'Dilawar', N'123434353', N'23234234', N'Haseeb-Arts-UK-Centre-Nawaz-Sharif-College-Road-Azam-Cloth-Market-Lahore.jpg', CAST(0x0000A9600144DC4C AS DateTime), N'UK Centre, Nawaz Sharif College Road, Azam Cloth Market, Lahore', 1, N'dilawar9894', N'Dell-830', NULL)
INSERT [dbo].[Stores] ([StoreId], [StoreTypes], [Id], [StoreName], [StoreOwnerName], [StoreNumber], [StoreOwnerNumber], [StoreLogo], [StoreDate], [StoreAddress], [Status], [user_name], [password], [Discription]) VALUES (15, N'IndividualStore', N'8812a36d-167b-4fe4-bfba-14059ea63a6b', N'Shahzad Arts', N'Shahzad ahmed', N'12334566789', N'12334567790', N'Shahzad-Arts-Nawab-Bazar-Azam-Cloth-Market-Lahore.jpg', CAST(0x0000A9600145A142 AS DateTime), N'Nawab Bazar, Azam Cloth Market, Lahore', 1, N'shahzadahmed6169', N'Es=u6+19-@21', NULL)
INSERT [dbo].[Stores] ([StoreId], [StoreTypes], [Id], [StoreName], [StoreOwnerName], [StoreNumber], [StoreOwnerNumber], [StoreLogo], [StoreDate], [StoreAddress], [Status], [user_name], [password], [Discription]) VALUES (16, N'IndividualStore', N'7f423e10-087b-4e68-9095-80b360d41dc2', N'Kashaf Traders ut store', N'Amjad buttttt hiy', N'12345667890', N'12344678893478', N'Kashaf-Traders-Attari-Heights-Choona-Mandi-Azam-Cloth-Market-Lahore.jpg', CAST(0x0000A96001469099 AS DateTime), N'lohari gate', 1, N'amjadbutt6493', N'Esnl/6t74@146', N'kapra house sale kapras')
INSERT [dbo].[Stores] ([StoreId], [StoreTypes], [Id], [StoreName], [StoreOwnerName], [StoreNumber], [StoreOwnerNumber], [StoreLogo], [StoreDate], [StoreAddress], [Status], [user_name], [password], [Discription]) VALUES (17, N'IndividualStore', N'2ab5daf0-025c-4434-9a3c-fa4940227998', N'Mozam Kapra house With software', N'mozam fayyaz', N'03214222413', N'03211334556', N'Screenshot (9).png', CAST(0x0000A96900CED8DD AS DateTime), N'shalama mar link road aurf mohala baby da lahoere', 1, N'mozamfayyaz7976', N'EsT0}E%(C@110', N'aauwhdasdbauddbajdbasudabasdsuadbasduasbasjdbadbsuasbsudbsduasbdasdbasjdbasisbciscbsidbaiasdusdbaiasbisissibasisisbsisabsisdassbai asdsbdsd adasdbas js jjca a auiasdadadasduduadadasdas ja ahauasd asduasbdisdbsb ssbad sjd ada a ajas sa jas uj asuca uasbscbsibu7 7hjsbas a h hashs shsssssjjs ssbsjbsja sjasaJA D A  A')
INSERT [dbo].[Stores] ([StoreId], [StoreTypes], [Id], [StoreName], [StoreOwnerName], [StoreNumber], [StoreOwnerNumber], [StoreLogo], [StoreDate], [StoreAddress], [Status], [user_name], [password], [Discription]) VALUES (20, N'IndividualStore', N'c097e776-d82d-4bd1-9068-e0d4f877a5c3', N'testng', N'waleed', N'3423', N'3423', N'', CAST(0x0000A96B00F8B410 AS DateTime), N'sfasdd', 1, N'waleed6962', N'Es8[$d|hh@837', N'ddsa')
INSERT [dbo].[Stores] ([StoreId], [StoreTypes], [Id], [StoreName], [StoreOwnerName], [StoreNumber], [StoreOwnerNumber], [StoreLogo], [StoreDate], [StoreAddress], [Status], [user_name], [password], [Discription]) VALUES (21, N'IndividualStore', N'9be6d373-910f-4e03-a4cd-002967eac41e', N'dsad', N'waleed', N'34', N'34', N'no.png', CAST(0x0000A96B00F967E4 AS DateTime), N'dfsdc', 1, N'waleed4072', N'Es9.w-leo@15', N'fsdas')
INSERT [dbo].[Stores] ([StoreId], [StoreTypes], [Id], [StoreName], [StoreOwnerName], [StoreNumber], [StoreOwnerNumber], [StoreLogo], [StoreDate], [StoreAddress], [Status], [user_name], [password], [Discription]) VALUES (22, N'WholeSaler', N'0ee8b594-338f-488d-8bc5-f4f624f13fe0', N'sadsada', N'sadas', N'321321', N'321321', N'elmo nida.png', CAST(0x0000A96D00FEBF94 AS DateTime), N'sdsadasfas', 1, N'sadas9576', N'Es-ErK={Z@428', N'fadsfad')
INSERT [dbo].[Stores] ([StoreId], [StoreTypes], [Id], [StoreName], [StoreOwnerName], [StoreNumber], [StoreOwnerNumber], [StoreLogo], [StoreDate], [StoreAddress], [Status], [user_name], [password], [Discription]) VALUES (23, N'WholeSaler', N'a58cbec3-ad87-42b6-a318-8a7367fcdaea', N'testing 12', N'sdasd', N'sadas', N'342', N'WhatsApp Image 2018-10-01 at 1.13.16 AM.jpeg', CAST(0x0000A96D01027B2A AS DateTime), N'sdasd', 1, N'sdasd437', N'EsiDivUQ[@514', N'dasfsdaf')
INSERT [dbo].[Stores] ([StoreId], [StoreTypes], [Id], [StoreName], [StoreOwnerName], [StoreNumber], [StoreOwnerNumber], [StoreLogo], [StoreDate], [StoreAddress], [Status], [user_name], [password], [Discription]) VALUES (24, N'WholeSaler', N'd3488b62-bf7c-4a42-97d1-3f93d68a75d4', N'sdasdas', N'sarmad', N'32423', N'4324', N'WhatsApp Image 2018-09-12 at 4.18.21 AM.jpeg', CAST(0x0000A96D010D1371 AS DateTime), N'ASFDSF', 1, N'sarmad2216', N'Es:iM}_ae@300', N'dsadas')
INSERT [dbo].[Stores] ([StoreId], [StoreTypes], [Id], [StoreName], [StoreOwnerName], [StoreNumber], [StoreOwnerNumber], [StoreLogo], [StoreDate], [StoreAddress], [Status], [user_name], [password], [Discription]) VALUES (25, N'WholeSaler', N'e5a3ee20-9b82-43a7-8a38-424aad890686', N'Prince Cloth', N'Kashif', N'03004340420', N'', N'Azam.png', CAST(0x0000A96E00E96FF3 AS DateTime), N'Uk Center', 1, N'kashif3010', N'EsaWvGif%@203', N'Gents Khadar')
SET IDENTITY_INSERT [dbo].[Stores] OFF
SET ANSI_PADDING ON

GO
/****** Object:  Index [RoleNameIndex]    Script Date: 10/6/2018 7:24:32 PM ******/
CREATE UNIQUE NONCLUSTERED INDEX [RoleNameIndex] ON [dbo].[AspNetRoles]
(
	[Name] ASC
)WITH (PAD_INDEX = OFF, STATISTICS_NORECOMPUTE = OFF, SORT_IN_TEMPDB = OFF, IGNORE_DUP_KEY = OFF, DROP_EXISTING = OFF, ONLINE = OFF, ALLOW_ROW_LOCKS = ON, ALLOW_PAGE_LOCKS = ON) ON [PRIMARY]
GO
SET ANSI_PADDING ON

GO
/****** Object:  Index [IX_UserId]    Script Date: 10/6/2018 7:24:32 PM ******/
CREATE NONCLUSTERED INDEX [IX_UserId] ON [dbo].[AspNetUserClaims]
(
	[UserId] ASC
)WITH (PAD_INDEX = OFF, STATISTICS_NORECOMPUTE = OFF, SORT_IN_TEMPDB = OFF, DROP_EXISTING = OFF, ONLINE = OFF, ALLOW_ROW_LOCKS = ON, ALLOW_PAGE_LOCKS = ON) ON [PRIMARY]
GO
SET ANSI_PADDING ON

GO
/****** Object:  Index [IX_UserId]    Script Date: 10/6/2018 7:24:32 PM ******/
CREATE NONCLUSTERED INDEX [IX_UserId] ON [dbo].[AspNetUserLogins]
(
	[UserId] ASC
)WITH (PAD_INDEX = OFF, STATISTICS_NORECOMPUTE = OFF, SORT_IN_TEMPDB = OFF, DROP_EXISTING = OFF, ONLINE = OFF, ALLOW_ROW_LOCKS = ON, ALLOW_PAGE_LOCKS = ON) ON [PRIMARY]
GO
SET ANSI_PADDING ON

GO
/****** Object:  Index [IX_RoleId]    Script Date: 10/6/2018 7:24:32 PM ******/
CREATE NONCLUSTERED INDEX [IX_RoleId] ON [dbo].[AspNetUserRoles]
(
	[RoleId] ASC
)WITH (PAD_INDEX = OFF, STATISTICS_NORECOMPUTE = OFF, SORT_IN_TEMPDB = OFF, DROP_EXISTING = OFF, ONLINE = OFF, ALLOW_ROW_LOCKS = ON, ALLOW_PAGE_LOCKS = ON) ON [PRIMARY]
GO
SET ANSI_PADDING ON

GO
/****** Object:  Index [IX_UserId]    Script Date: 10/6/2018 7:24:32 PM ******/
CREATE NONCLUSTERED INDEX [IX_UserId] ON [dbo].[AspNetUserRoles]
(
	[UserId] ASC
)WITH (PAD_INDEX = OFF, STATISTICS_NORECOMPUTE = OFF, SORT_IN_TEMPDB = OFF, DROP_EXISTING = OFF, ONLINE = OFF, ALLOW_ROW_LOCKS = ON, ALLOW_PAGE_LOCKS = ON) ON [PRIMARY]
GO
SET ANSI_PADDING ON

GO
/****** Object:  Index [UserNameIndex]    Script Date: 10/6/2018 7:24:32 PM ******/
CREATE UNIQUE NONCLUSTERED INDEX [UserNameIndex] ON [dbo].[AspNetUsers]
(
	[UserName] ASC
)WITH (PAD_INDEX = OFF, STATISTICS_NORECOMPUTE = OFF, SORT_IN_TEMPDB = OFF, IGNORE_DUP_KEY = OFF, DROP_EXISTING = OFF, ONLINE = OFF, ALLOW_ROW_LOCKS = ON, ALLOW_PAGE_LOCKS = ON) ON [PRIMARY]
GO
/****** Object:  Index [IX_StoreId]    Script Date: 10/6/2018 7:24:32 PM ******/
CREATE NONCLUSTERED INDEX [IX_StoreId] ON [dbo].[Count_model]
(
	[StoreId] ASC
)WITH (PAD_INDEX = OFF, STATISTICS_NORECOMPUTE = OFF, SORT_IN_TEMPDB = OFF, DROP_EXISTING = OFF, ONLINE = OFF, ALLOW_ROW_LOCKS = ON, ALLOW_PAGE_LOCKS = ON) ON [PRIMARY]
GO
/****** Object:  Index [IX_Expense_Parent_id]    Script Date: 10/6/2018 7:24:32 PM ******/
CREATE NONCLUSTERED INDEX [IX_Expense_Parent_id] ON [dbo].[Expense_Child]
(
	[Expense_Parent_id] ASC
)WITH (PAD_INDEX = OFF, STATISTICS_NORECOMPUTE = OFF, SORT_IN_TEMPDB = OFF, DROP_EXISTING = OFF, ONLINE = OFF, ALLOW_ROW_LOCKS = ON, ALLOW_PAGE_LOCKS = ON) ON [PRIMARY]
GO
SET ANSI_PADDING ON

GO
/****** Object:  Index [IX_Id]    Script Date: 10/6/2018 7:24:32 PM ******/
CREATE NONCLUSTERED INDEX [IX_Id] ON [dbo].[Expense_Parent]
(
	[Id] ASC
)WITH (PAD_INDEX = OFF, STATISTICS_NORECOMPUTE = OFF, SORT_IN_TEMPDB = OFF, DROP_EXISTING = OFF, ONLINE = OFF, ALLOW_ROW_LOCKS = ON, ALLOW_PAGE_LOCKS = ON) ON [PRIMARY]
GO
/****** Object:  Index [IX_Market_id]    Script Date: 10/6/2018 7:24:32 PM ******/
CREATE NONCLUSTERED INDEX [IX_Market_id] ON [dbo].[Plazas]
(
	[Market_id] ASC
)WITH (PAD_INDEX = OFF, STATISTICS_NORECOMPUTE = OFF, SORT_IN_TEMPDB = OFF, DROP_EXISTING = OFF, ONLINE = OFF, ALLOW_ROW_LOCKS = ON, ALLOW_PAGE_LOCKS = ON) ON [PRIMARY]
GO
/****** Object:  Index [IX_Share_id]    Script Date: 10/6/2018 7:24:32 PM ******/
CREATE NONCLUSTERED INDEX [IX_Share_id] ON [dbo].[Share_History]
(
	[Share_id] ASC
)WITH (PAD_INDEX = OFF, STATISTICS_NORECOMPUTE = OFF, SORT_IN_TEMPDB = OFF, DROP_EXISTING = OFF, ONLINE = OFF, ALLOW_ROW_LOCKS = ON, ALLOW_PAGE_LOCKS = ON) ON [PRIMARY]
GO
SET ANSI_PADDING ON

GO
/****** Object:  Index [IX_Id]    Script Date: 10/6/2018 7:24:32 PM ******/
CREATE NONCLUSTERED INDEX [IX_Id] ON [dbo].[Share_Holder]
(
	[Id] ASC
)WITH (PAD_INDEX = OFF, STATISTICS_NORECOMPUTE = OFF, SORT_IN_TEMPDB = OFF, DROP_EXISTING = OFF, ONLINE = OFF, ALLOW_ROW_LOCKS = ON, ALLOW_PAGE_LOCKS = ON) ON [PRIMARY]
GO
/****** Object:  Index [IX_Share_History_id]    Script Date: 10/6/2018 7:24:32 PM ******/
CREATE NONCLUSTERED INDEX [IX_Share_History_id] ON [dbo].[Share_Holder]
(
	[Share_History_id] ASC
)WITH (PAD_INDEX = OFF, STATISTICS_NORECOMPUTE = OFF, SORT_IN_TEMPDB = OFF, DROP_EXISTING = OFF, ONLINE = OFF, ALLOW_ROW_LOCKS = ON, ALLOW_PAGE_LOCKS = ON) ON [PRIMARY]
GO
SET ANSI_PADDING ON

GO
/****** Object:  Index [IX_Id]    Script Date: 10/6/2018 7:24:32 PM ******/
CREATE NONCLUSTERED INDEX [IX_Id] ON [dbo].[Stores]
(
	[Id] ASC
)WITH (PAD_INDEX = OFF, STATISTICS_NORECOMPUTE = OFF, SORT_IN_TEMPDB = OFF, DROP_EXISTING = OFF, ONLINE = OFF, ALLOW_ROW_LOCKS = ON, ALLOW_PAGE_LOCKS = ON) ON [PRIMARY]
GO
ALTER TABLE [dbo].[AspNetUsers] ADD  DEFAULT ((0)) FOR [Status]
GO
ALTER TABLE [dbo].[Store_request] ADD  DEFAULT ('1900-01-01T00:00:00.000') FOR [Store_request_date]
GO
ALTER TABLE [dbo].[Store_request] ADD  DEFAULT ((0)) FOR [Store_request_status]
GO
ALTER TABLE [dbo].[AspNetUserClaims]  WITH CHECK ADD  CONSTRAINT [FK_dbo.AspNetUserClaims_dbo.AspNetUsers_UserId] FOREIGN KEY([UserId])
REFERENCES [dbo].[AspNetUsers] ([Id])
ON DELETE CASCADE
GO
ALTER TABLE [dbo].[AspNetUserClaims] CHECK CONSTRAINT [FK_dbo.AspNetUserClaims_dbo.AspNetUsers_UserId]
GO
ALTER TABLE [dbo].[AspNetUserLogins]  WITH CHECK ADD  CONSTRAINT [FK_dbo.AspNetUserLogins_dbo.AspNetUsers_UserId] FOREIGN KEY([UserId])
REFERENCES [dbo].[AspNetUsers] ([Id])
ON DELETE CASCADE
GO
ALTER TABLE [dbo].[AspNetUserLogins] CHECK CONSTRAINT [FK_dbo.AspNetUserLogins_dbo.AspNetUsers_UserId]
GO
ALTER TABLE [dbo].[AspNetUserRoles]  WITH CHECK ADD  CONSTRAINT [FK_dbo.AspNetUserRoles_dbo.AspNetRoles_RoleId] FOREIGN KEY([RoleId])
REFERENCES [dbo].[AspNetRoles] ([Id])
ON DELETE CASCADE
GO
ALTER TABLE [dbo].[AspNetUserRoles] CHECK CONSTRAINT [FK_dbo.AspNetUserRoles_dbo.AspNetRoles_RoleId]
GO
ALTER TABLE [dbo].[AspNetUserRoles]  WITH CHECK ADD  CONSTRAINT [FK_dbo.AspNetUserRoles_dbo.AspNetUsers_UserId] FOREIGN KEY([UserId])
REFERENCES [dbo].[AspNetUsers] ([Id])
ON DELETE CASCADE
GO
ALTER TABLE [dbo].[AspNetUserRoles] CHECK CONSTRAINT [FK_dbo.AspNetUserRoles_dbo.AspNetUsers_UserId]
GO
ALTER TABLE [dbo].[Count_model]  WITH CHECK ADD  CONSTRAINT [FK_dbo.Count_model_dbo.Stores_StoreId] FOREIGN KEY([StoreId])
REFERENCES [dbo].[Stores] ([StoreId])
ON DELETE CASCADE
GO
ALTER TABLE [dbo].[Count_model] CHECK CONSTRAINT [FK_dbo.Count_model_dbo.Stores_StoreId]
GO
ALTER TABLE [dbo].[Expense_Child]  WITH CHECK ADD  CONSTRAINT [FK_dbo.Expense_Child_dbo.Expense_Parent_Expense_Parent_id] FOREIGN KEY([Expense_Parent_id])
REFERENCES [dbo].[Expense_Parent] ([Expense_Parent_id])
ON DELETE CASCADE
GO
ALTER TABLE [dbo].[Expense_Child] CHECK CONSTRAINT [FK_dbo.Expense_Child_dbo.Expense_Parent_Expense_Parent_id]
GO
ALTER TABLE [dbo].[Expense_Parent]  WITH CHECK ADD  CONSTRAINT [FK_dbo.Expense_Parent_dbo.AspNetUsers_Id] FOREIGN KEY([Id])
REFERENCES [dbo].[AspNetUsers] ([Id])
GO
ALTER TABLE [dbo].[Expense_Parent] CHECK CONSTRAINT [FK_dbo.Expense_Parent_dbo.AspNetUsers_Id]
GO
ALTER TABLE [dbo].[Plazas]  WITH CHECK ADD  CONSTRAINT [FK_dbo.Plazas_dbo.Markets_Market_id] FOREIGN KEY([Market_id])
REFERENCES [dbo].[Markets] ([Market_id])
ON DELETE CASCADE
GO
ALTER TABLE [dbo].[Plazas] CHECK CONSTRAINT [FK_dbo.Plazas_dbo.Markets_Market_id]
GO
ALTER TABLE [dbo].[Share_History]  WITH CHECK ADD  CONSTRAINT [FK_dbo.Share_History_dbo.Shares_Share_id] FOREIGN KEY([Share_id])
REFERENCES [dbo].[Shares] ([Share_id])
ON DELETE CASCADE
GO
ALTER TABLE [dbo].[Share_History] CHECK CONSTRAINT [FK_dbo.Share_History_dbo.Shares_Share_id]
GO
ALTER TABLE [dbo].[Share_Holder]  WITH CHECK ADD  CONSTRAINT [FK_dbo.Share_Holder_dbo.AspNetUsers_Id] FOREIGN KEY([Id])
REFERENCES [dbo].[AspNetUsers] ([Id])
GO
ALTER TABLE [dbo].[Share_Holder] CHECK CONSTRAINT [FK_dbo.Share_Holder_dbo.AspNetUsers_Id]
GO
ALTER TABLE [dbo].[Share_Holder]  WITH CHECK ADD  CONSTRAINT [FK_dbo.Share_Holder_dbo.Share_History_Share_History_id] FOREIGN KEY([Share_History_id])
REFERENCES [dbo].[Share_History] ([Share_History_id])
ON DELETE CASCADE
GO
ALTER TABLE [dbo].[Share_Holder] CHECK CONSTRAINT [FK_dbo.Share_Holder_dbo.Share_History_Share_History_id]
GO
ALTER TABLE [dbo].[Stores]  WITH CHECK ADD  CONSTRAINT [FK_dbo.Stores_dbo.AspNetUsers_Id] FOREIGN KEY([Id])
REFERENCES [dbo].[AspNetUsers] ([Id])
GO
ALTER TABLE [dbo].[Stores] CHECK CONSTRAINT [FK_dbo.Stores_dbo.AspNetUsers_Id]
GO
USE [master]
GO
ALTER DATABASE [MegaProject] SET  READ_WRITE 
GO
